RACE,NAME,"PARTY (1=REP, 2=DEM)",VOTES,PERCENT,YEAR,Precincts,PrecinctsReporting,Alabama Ranking,Alaska Caucus Ranking,Arizona Ranking,Arkansas Ranking,Colorado Ranking,District of Columbia Ranking,Florida Ranking,Georgia Ranking,Hawaii Ranking,Idaho Ranking,Illinois Ranking,Lowa Ranking,Kansas Ranking,Kentury Ranking,Louisiana Ranking,Maine Ranking,Massachusetts Ranking,Michigan Ranking,Minnesota Ranking,Mississipi Ranking,Missouri Ranking,Nebraska Ranking,Nevada Ranking,New Hampshire Ranking,New York Ranking,North Carolina Ranking,Ohio Ranking,Oklahoma Ranking,South Carolina Ranking,Tennesse Ranking,Texas Ranking,Utah Ranking,Vermont Ranking,Virginia Ranking,Washington Ranking,Wisconsin Ranking,Wyoming Ranking
President/Vice-President,Jeb Bush,1,35420.00,0.0125,2016,63,63,0,0,0,0,0,0,0,0,0,0,0,0,0,0,0,0,0,0,0,0,0,0,0,0,0,0,0,0,0,0,0,0,0,0,0,0,0
President/Vice-President,Ben Carson,1,117969.00,0.0416,2016,9,9,0,0,0,0,0,0,0,0,0,0,0,0,0,0,0,0,0,0,0,0,0,0,0,0,0,0,0,0,0,0,0,0,0,0,0,0,0
President/Vice-President,Chris Christie,1,3448.00,0.0012,2016,44,44,0,0,0,0,0,0,0,0,0,0,0,0,0,0,0,0,0,0,0,0,0,0,0,0,0,0,0,0,0,0,0,0,0,0,0,0,0
President/Vice-President,Ted Cruz,1,1241118.00,0.4376,2016,14,0,0,1,0,0,0,0,0,0,0,1,0,1,1,0,0,1,0,0,0,0,0,0,0,0,0,0,0,1,0,0,1,1,0,0,0,1,1
President/Vice-President,Carly Fiorina,1,3247.00,0.0011,2016,173,173,0,0,0,0,0,0,0,0,0,0,0,0,0,0,0,0,0,0,0,0,0,0,0,0,0,0,0,0,0,0,0,0,0,0,0,0,0
President/Vice-President,Lindsey Graham,1,1706.00,0.0006,2016,577,577,0,0,0,0,0,0,0,0,0,0,0,0,0,0,0,0,0,0,0,0,0,0,0,0,0,0,0,0,0,0,0,0,0,0,0,0,0
President/Vice-President,Elizabeth Gray,1,5449.00,0.0019,2016,11,11,0,0,0,0,0,0,0,0,0,0,0,0,0,0,0,0,0,0,0,0,0,0,0,0,0,0,0,0,0,0,0,0,0,0,0,0,0
President/Vice-President,Mike Huckabee,1,6226.00,0.0022,2016,69,69,0,0,0,0,0,0,0,0,0,0,0,0,0,0,0,0,0,0,0,0,0,0,0,0,0,0,0,0,0,0,0,0,0,0,0,0,0
President/Vice-President,John R. Kasich,1,120473.00,0.0425,2016,31,31,0,0,0,0,0,0,0,0,0,0,0,0,0,0,0,0,0,0,0,0,0,0,0,0,0,0,1,0,0,0,0,0,0,0,0,0,0
President/Vice-President,Rand Paul,1,8000.00,0.0028,2016,47,47,0,0,0,0,0,0,0,0,0,0,0,0,0,0,0,0,0,0,0,0,0,0,0,0,0,0,0,0,0,0,0,0,0,0,0,0,0
President/Vice-President,Marco Rubio,1,503055.00,0.1774,2016,60,60,0,0,0,0,0,1,0,0,0,0,0,0,0,0,0,0,0,0,1,0,0,0,0,0,0,0,0,0,0,0,0,0,0,0,0,0,0
President/Vice-President,Rick Santorum,1,2006.00,0.0007,2016,22,22,0,0,0,0,1,0,0,0,0,0,0,0,0,0,0,0,0,0,0,0,0,0,0,0,0,0,0,0,0,0,0,0,0,0,0,0,0
President/Vice-President,Donald J. Trump,1,758762.00,0.2675,2016,766,766,1,0,1,1,0,0,1,1,1,0,1,0,0,1,1,0,1,1,0,1,1,0,1,1,1,1,0,0,1,1,0,0,1,1,0,0,0
President/Vice-President,Uncommitted,1,29609.00,0.0104,2016,15,15,0,0,0,0,0,0,0,0,0,0,0,0,0,0,0,0,0,0,0,0,0,0,0,0,0,0,0,0,0,0,0,0,0,0,0,0,0
"President, Congressional District 14",Jeb Bush,1,857.00,0.0108,2016,10,10,0,0,0,0,0,0,0,0,0,0,0,0,0,0,0,0,0,0,0,0,0,0,0,0,0,0,0,0,0,0,0,0,0,0,0,0,0
"President, Congressional District 14",Ben Carson,1,2662.00,0.0337,2016,199,199,0,0,0,0,0,0,0,0,0,0,0,0,0,0,0,0,0,0,0,0,0,0,0,0,0,0,0,0,0,0,0,0,0,0,0,0,0
"President, Congressional District 14",Chris Christie,1,80.00,0.001,2016,79,79,0,0,0,0,0,0,0,0,0,0,0,0,0,0,0,0,0,0,0,0,0,0,0,0,0,0,0,0,0,0,0,0,0,0,0,0,0
"President, Congressional District 14",Ted Cruz,1,37098.00,0.4694,2016,23,23,0,1,0,0,0,0,0,0,0,1,0,1,1,0,0,1,0,0,0,0,0,0,0,0,0,0,0,1,0,0,1,1,0,0,0,1,1
"President, Congressional District 14",Carly Fiorina,1,89.00,0.0011,2016,8,8,0,0,0,0,0,0,0,0,0,0,0,0,0,0,0,0,0,0,0,0,0,0,0,0,0,0,0,0,0,0,0,0,0,0,0,0,0
"President, Congressional District 14",Lindsey Graham,1,34.00,0.0004,2016,25,25,0,0,0,0,0,0,0,0,0,0,0,0,0,0,0,0,0,0,0,0,0,0,0,0,0,0,0,0,0,0,0,0,0,0,0,0,0
"President, Congressional District 14",Elizabeth Gray,1,20.00,0.0003,2016,10,10,0,0,0,0,0,0,0,0,0,0,0,0,0,0,0,0,0,0,0,0,0,0,0,0,0,0,0,0,0,0,0,0,0,0,0,0,0
"President, Congressional District 14",Mike Huckabee,1,113.00,0.0014,2016,13,13,0,0,0,0,0,0,0,0,0,0,0,0,0,0,0,0,0,0,0,0,0,0,0,0,0,0,0,0,0,0,0,0,0,0,0,0,0
"President, Congressional District 14",John R. Kasich,1,2499.00,0.0316,2016,9,9,0,0,0,0,0,0,0,0,0,0,0,0,0,0,0,0,0,0,0,0,0,0,0,0,0,0,1,0,0,0,0,0,0,0,0,0,0
"President, Congressional District 14",Rand Paul,1,295.00,0.0037,2016,8,8,0,0,0,0,0,0,0,0,0,0,0,0,0,0,0,0,0,0,0,0,0,0,0,0,0,0,0,0,0,0,0,0,0,0,0,0,0
"President, Congressional District 14",Marco Rubio,1,11031.00,0.1396,2016,12,12,0,0,0,0,0,1,0,0,0,0,0,0,0,0,0,0,0,0,1,0,0,0,0,0,0,0,0,0,0,0,0,0,0,0,0,0,0
"President, Congressional District 14",Rick Santorum,1,36.00,0.0005,2016,10,10,0,0,0,0,1,0,0,0,0,0,0,0,0,0,0,0,0,0,0,0,0,0,0,0,0,0,0,0,0,0,0,0,0,0,0,0,0
"President, Congressional District 14",Donald J. Trump,1,23464.00,0.2969,2016,37,37,1,0,1,1,0,0,1,1,1,0,1,0,0,1,1,0,1,1,0,1,1,0,1,1,1,1,0,0,1,1,0,0,1,1,0,0,0
"President, Congressional District 14",Uncommitted,1,759.00,0.0096,2016,25,25,0,0,0,0,0,0,0,0,0,0,0,0,0,0,0,0,0,0,0,0,0,0,0,0,0,0,0,0,0,0,0,0,0,0,0,0,0
"President, Congressional District 15",Jeb Bush,1,461.00,0.0132,2016,348,348,0,0,0,0,0,0,0,0,0,0,0,0,0,0,0,0,0,0,0,0,0,0,0,0,0,0,0,0,0,0,0,0,0,0,0,0,0
"President, Congressional District 15",Ben Carson,1,1385.00,0.0397,2016,8,8,0,0,0,0,0,0,0,0,0,0,0,0,0,0,0,0,0,0,0,0,0,0,0,0,0,0,0,0,0,0,0,0,0,0,0,0,0
"President, Congressional District 15",Chris Christie,1,57.00,0.0016,2016,37,37,0,0,0,0,0,0,0,0,0,0,0,0,0,0,0,0,0,0,0,0,0,0,0,0,0,0,0,0,0,0,0,0,0,0,0,0,0
"President, Congressional District 15",Ted Cruz,1,15195.00,0.4361,2016,14,14,0,1,0,0,0,0,0,0,0,1,0,1,1,0,0,1,0,0,0,0,0,0,0,0,0,0,0,1,0,0,1,1,0,0,0,1,1
"President, Congressional District 15",Carly Fiorina,1,42.00,0.0012,2016,15,15,0,0,0,0,0,0,0,0,0,0,0,0,0,0,0,0,0,0,0,0,0,0,0,0,0,0,0,0,0,0,0,0,0,0,0,0,0
"President, Congressional District 15",Lindsey Graham,1,16.00,0.0005,2016,5,5,0,0,0,0,0,0,0,0,0,0,0,0,0,0,0,0,0,0,0,0,0,0,0,0,0,0,0,0,0,0,0,0,0,0,0,0,0
"President, Congressional District 15",Elizabeth Gray,1,24.00,0.0007,2016,104,104,0,0,0,0,0,0,0,0,0,0,0,0,0,0,0,0,0,0,0,0,0,0,0,0,0,0,0,0,0,0,0,0,0,0,0,0,0
"President, Congressional District 15",Mike Huckabee,1,41.00,0.0012,2016,129,129,0,0,0,0,0,0,0,0,0,0,0,0,0,0,0,0,0,0,0,0,0,0,0,0,0,0,0,0,0,0,0,0,0,0,0,0,0
"President, Congressional District 15",John R. Kasich,1,809.00,0.0232,2016,132,132,0,0,0,0,0,0,0,0,0,0,0,0,0,0,0,0,0,0,0,0,0,0,0,0,0,0,1,0,0,0,0,0,0,0,0,0,0
"President, Congressional District 15",Rand Paul,1,114.00,0.0033,2016,13,13,0,0,0,0,0,0,0,0,0,0,0,0,0,0,0,0,0,0,0,0,0,0,0,0,0,0,0,0,0,0,0,0,0,0,0,0,0
"President, Congressional District 15",Marco Rubio,1,6297.00,0.1807,2016,8,8,0,0,0,0,0,1,0,0,0,0,0,0,0,0,0,0,0,0,1,0,0,0,0,0,0,0,0,0,0,0,0,0,0,0,0,0,0
"President, Congressional District 15",Rick Santorum,1,12.00,0.0003,2016,11,11,0,0,0,0,1,0,0,0,0,0,0,0,0,0,0,0,0,0,0,0,0,0,0,0,0,0,0,0,0,0,0,0,0,0,0,0,0
"President, Congressional District 15",Donald J. Trump,1,10059.00,0.2887,2016,71,71,1,0,1,1,0,0,1,1,1,0,1,0,0,1,1,0,1,1,0,1,1,0,1,1,1,1,0,0,1,1,0,0,1,1,0,0,0
"President, Congressional District 15",Uncommitted,1,332.00,0.0095,2016,33,33,0,0,0,0,0,0,0,0,0,0,0,0,0,0,0,0,0,0,0,0,0,0,0,0,0,0,0,0,0,0,0,0,0,0,0,0,0
"President, Congressional District 16",Jeb Bush,1,348.00,0.0126,2016,127,127,0,0,0,0,0,0,0,0,0,0,0,0,0,0,0,0,0,0,0,0,0,0,0,0,0,0,0,0,0,0,0,0,0,0,0,0,0
"President, Congressional District 16",Ben Carson,1,1205.00,0.0438,2016,30,30,0,0,0,0,0,0,0,0,0,0,0,0,0,0,0,0,0,0,0,0,0,0,0,0,0,0,0,0,0,0,0,0,0,0,0,0,0
"President, Congressional District 16",Chris Christie,1,22.00,0.0008,2016,15,15,0,0,0,0,0,0,0,0,0,0,0,0,0,0,0,0,0,0,0,0,0,0,0,0,0,0,0,0,0,0,0,0,0,0,0,0,0
"President, Congressional District 16",Ted Cruz,1,10408.00,0.378,2016,52,52,0,1,0,0,0,0,0,0,0,1,0,1,1,0,0,1,0,0,0,0,0,0,0,0,0,0,0,1,0,0,1,1,0,0,0,1,1
"President, Congressional District 16",Carly Fiorina,1,43.00,0.0016,2016,11,11,0,0,0,0,0,0,0,0,0,0,0,0,0,0,0,0,0,0,0,0,0,0,0,0,0,0,0,0,0,0,0,0,0,0,0,0,0
"President, Congressional District 16",Lindsey Graham,1,14.00,0.0005,2016,251,251,0,0,0,0,0,0,0,0,0,0,0,0,0,0,0,0,0,0,0,0,0,0,0,0,0,0,0,0,0,0,0,0,0,0,0,0,0
"President, Congressional District 16",Elizabeth Gray,1,41.00,0.0015,2016,83,83,0,0,0,0,0,0,0,0,0,0,0,0,0,0,0,0,0,0,0,0,0,0,0,0,0,0,0,0,0,0,0,0,0,0,0,0,0
"President, Congressional District 16",Mike Huckabee,1,35.00,0.0013,2016,764,764,0,0,0,0,0,0,0,0,0,0,0,0,0,0,0,0,0,0,0,0,0,0,0,0,0,0,0,0,0,0,0,0,0,0,0,0,0
"President, Congressional District 16",John R. Kasich,1,1053.00,0.0382,2016,112,112,0,0,3,3,0,0,3,3,3,0,3,0,0,3,3,0,3,3,0,3,0,0,0,0,3,0,1,0,0,0,0,0,0,0,0,0,0
"President, Congressional District 16",Rand Paul,1,87.00,0.0032,2016,297,297,0,0,0,0,0,0,0,0,0,0,0,0,0,0,0,0,0,0,0,0,0,0,0,0,0,0,0,0,0,0,0,0,0,0,0,0,0
"President, Congressional District 16",Marco Rubio,1,7074.00,0.2569,2016,167,167,0,0,0,0,0,1,0,0,0,0,0,0,0,0,0,0,0,0,1,0,0,0,0,0,0,0,0,0,0,0,0,0,0,0,0,0,0
"President, Congressional District 16",Rick Santorum,1,20.00,0.0007,2016,39,39,0,0,0,0,1,0,0,0,0,0,0,0,0,0,0,0,0,0,0,0,0,0,0,0,0,0,0,0,0,0,0,0,0,0,0,0,0
"President, Congressional District 16",Donald J. Trump,1,7016.00,0.2548,2016,41,41,1,0,1,1,0,0,1,1,1,0,1,0,0,1,1,0,1,1,0,1,1,0,1,1,1,1,0,0,1,1,0,0,1,1,0,0,0
"President, Congressional District 16",Uncommitted,1,169.00,0.0061,2016,99,99,0,0,0,0,0,0,0,0,0,0,0,0,0,0,0,0,0,0,0,0,0,0,0,0,0,0,0,0,0,0,0,0,0,0,0,0,0
"President, Congressional District 17",Jeb Bush,1,1351.00,0.015,2016,80,80,0,0,0,0,0,0,0,0,0,0,0,0,0,0,0,0,0,0,0,0,0,0,0,0,0,0,0,0,0,0,0,0,0,0,0,0,0
"President, Congressional District 17",Ben Carson,1,4656.00,0.0517,2016,46,46,0,0,0,0,0,0,0,0,0,0,0,0,0,0,0,0,0,0,0,0,0,0,0,0,0,0,0,0,0,0,0,0,0,0,0,0,0
"President, Congressional District 17",Chris Christie,1,117.00,0.0013,2016,64,64,0,0,0,0,0,0,0,0,0,0,0,0,0,0,0,0,0,0,0,0,0,0,0,0,0,0,0,0,0,0,0,0,0,0,0,0,0
"President, Congressional District 17",Ted Cruz,1,41195.00,0.4571,2016,30,30,0,1,0,0,0,0,0,0,0,1,0,1,1,0,0,1,0,0,0,0,0,0,0,0,0,0,0,1,0,0,1,1,0,0,0,1,1
"President, Congressional District 17",Carly Fiorina,1,118.00,0.0013,2016,16,16,0,0,0,0,0,0,0,0,0,0,0,0,0,0,0,0,0,0,0,0,0,0,0,0,0,0,0,0,0,0,0,0,0,0,0,0,0
"President, Congressional District 17",Lindsey Graham,1,46.00,0.0005,2016,14,14,0,0,0,0,0,0,0,0,0,0,0,0,0,0,0,0,0,0,0,0,0,0,0,0,0,0,0,0,0,0,0,0,0,0,0,0,0
"President, Congressional District 17",Elizabeth Gray,1,102.00,0.0011,2016,8,8,0,0,0,0,0,0,0,0,0,0,0,0,0,0,0,0,0,0,0,0,0,0,0,0,0,0,0,0,0,0,0,0,0,0,0,0,0
"President, Congressional District 17",Mike Huckabee,1,236.00,0.0026,2016,127,127,0,0,0,0,0,0,0,0,0,0,0,0,0,0,0,0,0,0,0,0,0,0,0,0,0,0,0,0,0,0,0,0,0,0,0,0,0
"President, Congressional District 17",John R. Kasich,1,4340.00,0.0482,2016,12,12,0,0,0,0,0,0,0,0,0,0,0,0,0,0,0,0,0,0,0,0,0,0,0,0,0,0,1,0,0,0,0,0,0,0,0,0,0
"President, Congressional District 17",Rand Paul,1,320.00,0.0036,2016,21,21,0,0,0,0,0,0,0,0,0,0,0,0,0,0,0,0,0,0,0,0,0,0,0,0,0,0,0,0,0,0,0,0,0,0,0,0,0
"President, Congressional District 17",Marco Rubio,1,13990.00,0.1552,2016,16,16,0,0,0,0,0,1,0,0,0,0,0,0,0,0,0,0,0,0,1,0,0,0,0,0,0,0,0,0,0,0,0,0,0,0,0,0,0
"President, Congressional District 17",Rick Santorum,1,37.00,0.0004,2016,63,63,0,0,0,0,1,0,0,0,0,0,0,0,0,0,0,0,0,0,0,0,0,0,0,0,0,0,0,0,0,0,0,0,0,0,0,0,0
"President, Congressional District 17",Donald J. Trump,1,22537.00,0.2501,2016,9,9,1,0,1,1,0,0,1,1,1,0,1,0,0,1,1,0,1,1,0,1,1,0,1,1,1,1,0,0,1,1,0,0,1,1,0,0,0
"President, Congressional District 17",Uncommitted,1,1071.00,0.0119,2016,44,44,0,0,0,0,0,0,0,0,0,0,0,0,0,0,0,0,0,0,0,0,0,0,0,0,0,0,0,0,0,0,0,0,0,0,0,0,0
"President, Congressional District 18",Jeb Bush,1,285.00,0.012,2016,14,0,0,0,0,0,0,0,0,0,0,0,0,0,0,0,0,0,0,0,0,0,0,0,0,0,0,0,0,0,0,0,0,0,0,0,0,0,0
"President, Congressional District 18",Ben Carson,1,682.00,0.0288,2016,173,173,0,0,0,0,0,0,0,0,0,0,0,0,0,0,0,0,0,0,0,0,0,0,0,0,0,0,0,0,0,0,0,0,0,0,0,0,0
"President, Congressional District 18",Chris Christie,1,18.00,0.0008,2016,577,577,0,0,0,0,0,0,0,0,0,0,0,0,0,0,0,0,0,0,0,0,0,0,0,0,0,0,0,0,0,0,0,0,0,0,0,0,0
"President, Congressional District 18",Ted Cruz,1,10118.00,0.4266,2016,11,11,0,1,0,0,0,0,0,0,0,1,0,1,1,0,0,1,0,0,0,0,0,0,0,0,0,0,0,1,0,0,1,1,0,0,0,1,1
"President, Congressional District 18",Carly Fiorina,1,34.00,0.0014,2016,69,69,0,0,0,0,0,0,0,0,0,0,0,0,0,0,0,0,0,0,0,0,0,0,0,0,0,0,0,0,0,0,0,0,0,0,0,0,0
"President, Congressional District 18",Lindsey Graham,1,14.00,0.0006,2016,31,31,0,0,0,0,0,0,0,0,0,0,0,0,0,0,0,0,0,0,0,0,0,0,0,0,0,0,0,0,0,0,0,0,0,0,0,0,0
"President, Congressional District 18",Elizabeth Gray,1,9.00,0.0004,2016,47,47,0,0,0,0,0,0,0,0,0,0,0,0,0,0,0,0,0,0,0,0,0,0,0,0,0,0,0,0,0,0,0,0,0,0,0,0,0
"President, Congressional District 18",Mike Huckabee,1,32.00,0.0013,2016,60,60,0,0,0,0,0,0,0,0,0,0,0,0,0,0,0,0,0,0,0,0,0,0,0,0,0,0,0,0,0,0,0,0,0,0,0,0,0
"President, Congressional District 18",John R. Kasich,1,1351.00,0.057,2016,22,22,0,0,3,3,0,0,3,3,3,0,3,0,0,3,3,0,3,3,0,3,0,0,0,0,3,0,1,0,0,0,0,0,0,0,0,0,0
"President, Congressional District 18",Rand Paul,1,62.00,0.0026,2016,766,766,0,0,0,0,0,0,0,0,0,0,0,0,0,0,0,0,0,0,0,0,0,0,0,0,0,0,0,0,0,0,0,0,0,0,0,0,0
"President, Congressional District 18",Marco Rubio,1,5041.00,0.2126,2016,15,15,0,0,0,0,0,1,0,0,0,0,0,0,0,0,0,0,0,0,1,0,0,0,0,0,0,0,0,0,0,0,0,0,0,0,0,0,0
"President, Congressional District 18",Rick Santorum,1,11.00,0.0005,2016,10,10,0,0,0,0,1,0,0,0,0,0,0,0,0,0,0,0,0,0,0,0,0,0,0,0,0,0,0,0,0,0,0,0,0,0,0,0,0
"President, Congressional District 18",Donald J. Trump,1,5848.00,0.2466,2016,199,199,1,0,1,1,0,0,1,1,1,0,1,0,0,1,1,0,1,1,0,1,1,0,1,1,1,1,0,0,1,1,0,0,1,1,0,0,0
"President, Congressional District 18",Uncommitted,1,210.00,0.0089,2016,79,79,0,0,0,0,0,0,0,0,0,0,0,0,0,0,0,0,0,0,0,0,0,0,0,0,0,0,0,0,0,0,0,0,0,0,0,0,0
"President, Congressional District 19",Jeb Bush,1,1941.00,0.0174,2016,23,23,0,0,0,0,0,0,0,0,0,0,0,0,0,0,0,0,0,0,0,0,0,0,0,0,0,0,0,0,0,0,0,0,0,0,0,0,0
"President, Congressional District 19",Ben Carson,1,7050.00,0.0632,2016,8,8,0,0,0,0,0,0,0,0,0,0,0,0,0,0,0,0,0,0,0,0,0,0,0,0,0,0,0,0,0,0,0,0,0,0,0,0,0
"President, Congressional District 19",Chris Christie,1,214.00,0.0019,2016,25,25,0,0,0,0,0,0,0,0,0,0,0,0,0,0,0,0,0,0,0,0,0,0,0,0,0,0,0,0,0,0,0,0,0,0,0,0,0
"President, Congressional District 19",Ted Cruz,1,51950.00,0.4659,2016,10,10,0,1,0,0,0,0,0,0,0,1,0,1,1,0,0,1,0,0,0,0,0,0,0,0,0,0,0,1,0,0,1,1,0,0,0,1,1
"President, Congressional District 19",Carly Fiorina,1,146.00,0.0013,2016,13,13,0,0,0,0,0,0,0,0,0,0,0,0,0,0,0,0,0,0,0,0,0,0,0,0,0,0,0,0,0,0,0,0,0,0,0,0,0
"President, Congressional District 19",Lindsey Graham,1,85.00,0.0008,2016,9,9,0,0,0,0,0,0,0,0,0,0,0,0,0,0,0,0,0,0,0,0,0,0,0,0,0,0,0,0,0,0,0,0,0,0,0,0,0
"President, Congressional District 19",Elizabeth Gray,1,109.00,0.001,2016,8,8,0,0,0,0,0,0,0,0,0,0,0,0,0,0,0,0,0,0,0,0,0,0,0,0,0,0,0,0,0,0,0,0,0,0,0,0,0
"President, Congressional District 19",Mike Huckabee,1,400.00,0.0036,2016,12,12,0,0,0,0,0,0,0,0,0,0,0,0,0,0,0,0,0,0,0,0,0,0,0,0,0,0,0,0,0,0,0,0,0,0,0,0,0
"President, Congressional District 19",John R. Kasich,1,3403.00,0.0305,2016,10,10,0,0,3,3,0,0,3,3,3,0,3,0,0,3,3,0,3,3,0,3,0,0,0,0,3,0,1,0,0,0,0,0,0,0,0,0,0
"President, Congressional District 19",Rand Paul,1,265.00,0.0024,2016,37,37,0,0,0,0,0,0,0,0,0,0,0,0,0,0,0,0,0,0,0,0,0,0,0,0,0,0,0,0,0,0,0,0,0,0,0,0,0
"President, Congressional District 19",Marco Rubio,1,17306.00,0.1552,2016,25,25,0,0,0,0,0,1,0,0,0,0,0,0,0,0,0,0,0,0,1,0,0,0,0,0,0,0,0,0,0,0,0,0,0,0,0,0,0
"President, Congressional District 19",Rick Santorum,1,177.00,0.0016,2016,348,348,0,0,0,0,1,0,0,0,0,0,0,0,0,0,0,0,0,0,0,0,0,0,0,0,0,0,0,0,0,0,0,0,0,0,0,0,0
"President, Congressional District 19",Donald J. Trump,1,26650.00,0.239,2016,8,8,1,0,1,1,0,0,1,1,1,0,1,0,0,1,1,0,1,1,0,1,1,0,1,1,1,1,0,0,1,1,0,0,1,1,0,0,0
"President, Congressional District 19",Uncommitted,1,1797.00,0.0161,2016,37,37,0,0,0,0,0,0,0,0,0,0,0,0,0,0,0,0,0,0,0,0,0,0,0,0,0,0,0,0,0,0,0,0,0,0,0,0,0
"President, Congressional District 20",Jeb Bush,1,543.00,0.014,2016,14,14,0,0,0,0,0,0,0,0,0,0,0,0,0,0,0,0,0,0,0,0,0,0,0,0,0,0,0,0,0,0,0,0,0,0,0,0,0
"President, Congressional District 20",Ben Carson,1,1554.00,0.0402,2016,15,15,0,0,0,0,0,0,0,0,0,0,0,0,0,0,0,0,0,0,0,0,0,0,0,0,0,0,0,0,0,0,0,0,0,0,0,0,0
"President, Congressional District 20",Chris Christie,1,50.00,0.0013,2016,5,5,0,0,0,0,0,0,0,0,0,0,0,0,0,0,0,0,0,0,0,0,0,0,0,0,0,0,0,0,0,0,0,0,0,0,0,0,0
"President, Congressional District 20",Ted Cruz,1,16559.00,0.4281,2016,104,104,0,1,2,2,0,0,2,2,2,1,2,1,1,2,2,1,2,2,0,2,0,0,0,0,2,0,0,1,0,0,1,1,0,0,0,1,1
"President, Congressional District 20",Carly Fiorina,1,42.00,0.0011,2016,129,129,0,0,0,0,0,0,0,0,0,0,0,0,0,0,0,0,0,0,0,0,0,0,0,0,0,0,0,0,0,0,0,0,0,0,0,0,0
"President, Congressional District 20",Lindsey Graham,1,25.00,0.0006,2016,132,132,0,0,0,0,0,0,0,0,0,0,0,0,0,0,0,0,0,0,0,0,0,0,0,0,0,0,0,0,0,0,0,0,0,0,0,0,0
"President, Congressional District 20",Elizabeth Gray,1,9.00,0.0002,2016,13,13,0,0,0,0,0,0,0,0,0,0,0,0,0,0,0,0,0,0,0,0,0,0,0,0,0,0,0,0,0,0,0,0,0,0,0,0,0
"President, Congressional District 20",Mike Huckabee,1,52.00,0.0013,2016,8,8,0,0,0,0,0,0,0,0,0,0,0,0,0,0,0,0,0,0,0,0,0,0,0,0,0,0,0,0,0,0,0,0,0,0,0,0,0
"President, Congressional District 20",John R. Kasich,1,1498.00,0.0387,2016,11,11,0,0,0,0,0,0,0,0,0,0,0,0,0,0,0,0,0,0,0,0,0,0,0,0,0,0,1,0,0,0,0,0,0,0,0,0,0
"President, Congressional District 20",Rand Paul,1,144.00,0.0037,2016,71,71,0,0,0,0,0,0,0,0,0,0,0,0,0,0,0,0,0,0,0,0,0,0,0,0,0,0,0,0,0,0,0,0,0,0,0,0,0
"President, Congressional District 20",Marco Rubio,1,8742.00,0.226,2016,33,33,0,0,0,0,0,1,0,0,0,0,0,0,0,0,0,0,0,0,1,0,0,0,0,0,0,0,0,0,0,0,0,0,0,0,0,0,0
"President, Congressional District 20",Rick Santorum,1,15.00,0.0004,2016,127,127,0,0,0,0,1,0,0,0,0,0,0,0,0,0,0,0,0,0,0,0,0,0,0,0,0,0,0,0,0,0,0,0,0,0,0,0,0
"President, Congressional District 20",Donald J. Trump,1,9305.00,0.2406,2016,30,30,1,0,1,1,0,0,1,1,1,0,1,0,0,1,1,0,1,1,0,1,1,0,1,1,1,1,0,0,1,1,0,0,1,1,0,0,0
"President, Congressional District 20",Uncommitted,1,138.00,0.0036,2016,15,15,0,0,0,0,0,0,0,0,0,0,0,0,0,0,0,0,0,0,0,0,0,0,0,0,0,0,0,0,0,0,0,0,0,0,0,0,0
"President, Congressional District 21",Jeb Bush,1,2273.00,0.0179,2016,52,52,0,0,0,0,0,0,0,0,0,0,0,0,0,0,0,0,0,0,0,0,0,0,0,0,0,0,0,0,0,0,0,0,0,0,0,0,0
"President, Congressional District 21",Ben Carson,1,4889.00,0.0385,2016,11,11,0,0,0,0,0,0,0,0,0,0,0,0,0,0,0,0,0,0,0,0,0,0,0,0,0,0,0,0,0,0,0,0,0,0,0,0,0
"President, Congressional District 21",Chris Christie,1,192.00,0.0015,2016,251,251,0,0,0,0,0,0,0,0,0,0,0,0,0,0,0,0,0,0,0,0,0,0,0,0,0,0,0,0,0,0,0,0,0,0,0,0,0
"President, Congressional District 21",Ted Cruz,1,49519.00,0.3901,2016,83,83,0,1,0,0,0,0,0,0,0,1,0,1,1,0,0,1,0,0,0,0,0,0,0,0,0,0,0,1,0,0,1,1,0,0,0,1,1
"President, Congressional District 21",Carly Fiorina,1,190.00,0.0015,2016,764,764,0,0,0,0,0,0,0,0,0,0,0,0,0,0,0,0,0,0,0,0,0,0,0,0,0,0,0,0,0,0,0,0,0,0,0,0,0
"President, Congressional District 21",Lindsey Graham,1,227.00,0.0018,2016,112,112,0,0,0,0,0,0,0,0,0,0,0,0,0,0,0,0,0,0,0,0,0,0,0,0,0,0,0,0,0,0,0,0,0,0,0,0,0
"President, Congressional District 21",Elizabeth Gray,1,39.00,0.0003,2016,297,297,0,0,0,0,0,0,0,0,0,0,0,0,0,0,0,0,0,0,0,0,0,0,0,0,0,0,0,0,0,0,0,0,0,0,0,0,0
"President, Congressional District 21",Mike Huckabee,1,223.00,0.0018,2016,167,167,0,0,0,0,0,0,0,0,0,0,0,0,0,0,0,0,0,0,0,0,0,0,0,0,0,0,0,0,0,0,0,0,0,0,0,0,0
"President, Congressional District 21",John R. Kasich,1,7063.00,0.0556,2016,39,39,0,0,0,0,0,0,0,0,0,0,0,0,0,0,0,0,0,0,0,0,0,0,0,0,0,0,1,0,0,0,0,0,0,0,0,0,0
"President, Congressional District 21",Rand Paul,1,512.00,0.004,2016,41,41,0,0,0,0,0,0,0,0,0,0,0,0,0,0,0,0,0,0,0,0,0,0,0,0,0,0,0,0,0,0,0,0,0,0,0,0,0
"President, Congressional District 21",Marco Rubio,1,28015.00,0.2207,2016,99,99,0,0,0,0,0,1,0,0,0,0,0,0,0,0,0,0,0,0,1,0,0,0,0,0,0,0,0,0,0,0,0,0,0,0,0,0,0
"President, Congressional District 21",Rick Santorum,1,42.00,0.0003,2016,80,80,0,0,0,0,1,0,0,0,0,0,0,0,0,0,0,0,0,0,0,0,0,0,0,0,0,0,0,0,0,0,0,0,0,0,0,0,0
"President, Congressional District 21",Donald J. Trump,1,32351.00,0.2549,2016,46,46,1,0,1,1,0,0,1,1,1,0,1,0,0,1,1,0,1,1,0,1,1,0,1,1,1,1,0,0,1,1,0,0,1,1,0,0,0
"President, Congressional District 21",Uncommitted,1,1401.00,0.011,2016,64,64,0,0,0,0,0,0,0,0,0,0,0,0,0,0,0,0,0,0,0,0,0,0,0,0,0,0,0,0,0,0,0,0,0,0,0,0,0
"President, Congressional District 22",Jeb Bush,1,838.00,0.0093,2016,30,30,0,0,0,0,0,0,0,0,0,0,0,0,0,0,0,0,0,0,0,0,0,0,0,0,0,0,0,0,0,0,0,0,0,0,0,0,0
"President, Congressional District 22",Ben Carson,1,2724.00,0.0301,2016,16,16,0,0,0,0,0,0,0,0,0,0,0,0,0,0,0,0,0,0,0,0,0,0,0,0,0,0,0,0,0,0,0,0,0,0,0,0,0
"President, Congressional District 22",Chris Christie,1,67.00,0.0007,2016,14,14,0,0,0,0,0,0,0,0,0,0,0,0,0,0,0,0,0,0,0,0,0,0,0,0,0,0,0,0,0,0,0,0,0,0,0,0,0
"President, Congressional District 22",Ted Cruz,1,43021.00,0.4753,2016,8,8,0,1,0,0,0,0,0,0,0,1,0,1,1,0,0,1,0,0,0,0,0,0,0,0,0,0,0,1,0,0,1,1,0,0,0,1,1
"President, Congressional District 22",Carly Fiorina,1,76.00,0.0008,2016,127,127,0,0,0,0,0,0,0,0,0,0,0,0,0,0,0,0,0,0,0,0,0,0,0,0,0,0,0,0,0,0,0,0,0,0,0,0,0
"President, Congressional District 22",Lindsey Graham,1,25.00,0.0003,2016,12,12,0,0,0,0,0,0,0,0,0,0,0,0,0,0,0,0,0,0,0,0,0,0,0,0,0,0,0,0,0,0,0,0,0,0,0,0,0
"President, Congressional District 22",Elizabeth Gray,1,28.00,0.0003,2016,21,21,0,0,0,0,0,0,0,0,0,0,0,0,0,0,0,0,0,0,0,0,0,0,0,0,0,0,0,0,0,0,0,0,0,0,0,0,0
"President, Congressional District 22",Mike Huckabee,1,92.00,0.001,2016,16,16,0,0,0,0,0,0,0,0,0,0,0,0,0,0,0,0,0,0,0,0,0,0,0,0,0,0,0,0,0,0,0,0,0,0,0,0,0
"President, Congressional District 22",John R. Kasich,1,4009.00,0.0443,2016,63,63,0,0,0,0,0,0,0,0,0,0,0,0,0,0,0,0,0,0,0,0,0,0,0,0,0,0,1,0,0,0,0,0,0,0,0,0,0
"President, Congressional District 22",Rand Paul,1,241.00,0.0027,2016,9,9,0,0,0,0,0,0,0,0,0,0,0,0,0,0,0,0,0,0,0,0,0,0,0,0,0,0,0,0,0,0,0,0,0,0,0,0,0
"President, Congressional District 22",Marco Rubio,1,16719.00,0.1847,2016,44,44,0,0,0,0,0,1,0,0,0,0,0,0,0,0,0,0,0,0,1,0,0,0,0,0,0,0,0,0,0,0,0,0,0,0,0,0,0
"President, Congressional District 22",Rick Santorum,1,29.00,0.0003,2016,14,0,0,0,0,0,1,0,0,0,0,0,0,0,0,0,0,0,0,0,0,0,0,0,0,0,0,0,0,0,0,0,0,0,0,0,0,0,0
"President, Congressional District 22",Donald J. Trump,1,22047.00,0.2436,2016,173,173,1,0,1,1,0,0,1,1,1,0,1,0,0,1,1,0,1,1,0,1,1,0,1,1,1,1,0,0,1,1,0,0,1,1,0,0,0
"President, Congressional District 22",Uncommitted,1,602.00,0.0067,2016,577,577,0,0,0,0,0,0,0,0,0,0,0,0,0,0,0,0,0,0,0,0,0,0,0,0,0,0,0,0,0,0,0,0,0,0,0,0,0
"President, Congressional District 23",Jeb Bush,1,852.00,0.0154,2016,11,11,0,0,0,0,0,0,0,0,0,0,0,0,0,0,0,0,0,0,0,0,0,0,0,0,0,0,0,0,0,0,0,0,0,0,0,0,0
"President, Congressional District 23",Ben Carson,1,2272.00,0.041,2016,69,69,0,0,0,0,0,0,0,0,0,0,0,0,0,0,0,0,0,0,0,0,0,0,0,0,0,0,0,0,0,0,0,0,0,0,0,0,0
"President, Congressional District 23",Chris Christie,1,50.00,0.0009,2016,31,31,0,0,0,0,0,0,0,0,0,0,0,0,0,0,0,0,0,0,0,0,0,0,0,0,0,0,0,0,0,0,0,0,0,0,0,0,0
"President, Congressional District 23",Ted Cruz,1,23837.00,0.4301,2016,47,47,0,1,0,0,0,0,0,0,0,1,0,1,1,0,0,1,0,0,0,0,0,0,0,0,0,0,0,1,0,0,1,1,0,0,0,1,1
"President, Congressional District 23",Carly Fiorina,1,52.00,0.0009,2016,60,60,0,0,0,0,0,0,0,0,0,0,0,0,0,0,0,0,0,0,0,0,0,0,0,0,0,0,0,0,0,0,0,0,0,0,0,0,0
"President, Congressional District 23",Lindsey Graham,1,27.00,0.0005,2016,22,22,0,0,0,0,0,0,0,0,0,0,0,0,0,0,0,0,0,0,0,0,0,0,0,0,0,0,0,0,0,0,0,0,0,0,0,0,0
"President, Congressional District 23",Elizabeth Gray,1,52.00,0.0009,2016,766,766,0,0,0,0,0,0,0,0,0,0,0,0,0,0,0,0,0,0,0,0,0,0,0,0,0,0,0,0,0,0,0,0,0,0,0,0,0
"President, Congressional District 23",Mike Huckabee,1,125.00,0.0023,2016,15,15,0,0,0,0,0,0,0,0,0,0,0,0,0,0,0,0,0,0,0,0,0,0,0,0,0,0,0,0,0,0,0,0,0,0,0,0,0
"President, Congressional District 23",John R. Kasich,1,1786.00,0.0322,2016,10,10,0,0,0,0,0,0,0,0,0,0,0,0,0,0,0,0,0,0,0,0,0,0,0,0,0,0,1,0,0,0,0,0,0,0,0,0,0
"President, Congressional District 23",Rand Paul,1,131.00,0.0024,2016,199,199,0,0,0,0,0,0,0,0,0,0,0,0,0,0,0,0,0,0,0,0,0,0,0,0,0,0,0,0,0,0,0,0,0,0,0,0,0
"President, Congressional District 23",Marco Rubio,1,10889.00,0.1965,2016,79,79,0,0,0,0,0,1,0,0,0,0,0,0,0,0,0,0,0,0,1,0,0,0,0,0,0,0,0,0,0,0,0,0,0,0,0,0,0
"President, Congressional District 23",Rick Santorum,1,30.00,0.0005,2016,23,23,0,0,0,0,1,0,0,0,0,0,0,0,0,0,0,0,0,0,0,0,0,0,0,0,0,0,0,0,0,0,0,0,0,0,0,0,0
"President, Congressional District 23",Donald J. Trump,1,14814.00,0.2673,2016,8,8,1,0,1,1,0,0,1,1,1,0,1,0,0,1,1,0,1,1,0,1,1,0,1,1,1,1,0,0,1,1,0,0,1,1,0,0,0
"President, Congressional District 23",Uncommitted,1,501.00,0.009,2016,25,25,0,0,0,0,0,0,0,0,0,0,0,0,0,0,0,0,0,0,0,0,0,0,0,0,0,0,0,0,0,0,0,0,0,0,0,0,0
"President, Congressional District 24",Jeb Bush,1,1098.00,0.0118,2016,10,10,0,0,0,0,0,0,0,0,0,0,0,0,0,0,0,0,0,0,0,0,0,0,0,0,0,0,0,0,0,0,0,0,0,0,0,0,0
"President, Congressional District 24",Ben Carson,1,3424.00,0.0369,2016,13,13,0,0,0,0,0,0,0,0,0,0,0,0,0,0,0,0,0,0,0,0,0,0,0,0,0,0,0,0,0,0,0,0,0,0,0,0,0
"President, Congressional District 24",Chris Christie,1,85.00,0.0009,2016,9,9,0,0,0,0,0,0,0,0,0,0,0,0,0,0,0,0,0,0,0,0,0,0,0,0,0,0,0,0,0,0,0,0,0,0,0,0,0
"President, Congressional District 24",Ted Cruz,1,34005.00,0.3666,2016,8,8,0,1,0,0,0,0,0,0,0,1,0,1,1,0,0,1,0,0,0,0,0,0,0,0,0,0,0,1,0,0,1,1,0,0,0,1,1
"President, Congressional District 24",Carly Fiorina,1,113.00,0.0012,2016,12,12,0,0,0,0,0,0,0,0,0,0,0,0,0,0,0,0,0,0,0,0,0,0,0,0,0,0,0,0,0,0,0,0,0,0,0,0,0
"President, Congressional District 24",Lindsey Graham,1,28.00,0.0003,2016,10,10,0,0,0,0,0,0,0,0,0,0,0,0,0,0,0,0,0,0,0,0,0,0,0,0,0,0,0,0,0,0,0,0,0,0,0,0,0
"President, Congressional District 24",Elizabeth Gray,1,27.00,0.0003,2016,37,37,0,0,0,0,0,0,0,0,0,0,0,0,0,0,0,0,0,0,0,0,0,0,0,0,0,0,0,0,0,0,0,0,0,0,0,0,0
"President, Congressional District 24",Mike Huckabee,1,149.00,0.0016,2016,25,25,0,0,0,0,0,0,0,0,0,0,0,0,0,0,0,0,0,0,0,0,0,0,0,0,0,0,0,0,0,0,0,0,0,0,0,0,0
"President, Congressional District 24",John R. Kasich,1,6491.00,0.07,2016,348,348,0,0,0,0,0,0,0,0,0,0,0,0,0,0,0,0,0,0,0,0,0,0,0,0,0,0,1,0,0,0,0,0,0,0,0,0,0
"President, Congressional District 24",Rand Paul,1,242.00,0.0026,2016,8,8,0,0,0,0,0,0,0,0,0,0,0,0,0,0,0,0,0,0,0,0,0,0,0,0,0,0,0,0,0,0,0,0,0,0,0,0,0
"President, Congressional District 24",Marco Rubio,1,22453.00,0.2421,2016,37,37,0,0,0,0,0,1,0,0,0,0,0,0,0,0,0,0,0,0,1,0,0,0,0,0,0,0,0,0,0,0,0,0,0,0,0,0,0
"President, Congressional District 24",Rick Santorum,1,41.00,0.0004,2016,14,14,0,0,0,0,1,0,0,0,0,0,0,0,0,0,0,0,0,0,0,0,0,0,0,0,0,0,0,0,0,0,0,0,0,0,0,0,0
"President, Congressional District 24",Donald J. Trump,1,23994.00,0.2587,2016,15,15,1,0,1,1,0,0,1,1,1,0,1,0,0,1,1,0,1,1,0,1,1,0,1,1,1,1,0,0,1,1,0,0,1,1,0,0,0
"President, Congressional District 24",Uncommitted,1,607.00,0.0065,2016,5,5,0,0,0,0,0,0,0,0,0,0,0,0,0,0,0,0,0,0,0,0,0,0,0,0,0,0,0,0,0,0,0,0,0,0,0,0,0
"President, Congressional District 25",Jeb Bush,1,1487.00,0.0133,2016,104,104,0,0,0,0,0,0,0,0,0,0,0,0,0,0,0,0,0,0,0,0,0,0,0,0,0,0,0,0,0,0,0,0,0,0,0,0,0
"President, Congressional District 25",Ben Carson,1,4990.00,0.0445,2016,129,129,0,0,0,0,0,0,0,0,0,0,0,0,0,0,0,0,0,0,0,0,0,0,0,0,0,0,0,0,0,0,0,0,0,0,0,0,0
"President, Congressional District 25",Chris Christie,1,169.00,0.0015,2016,132,132,0,0,0,0,0,0,0,0,0,0,0,0,0,0,0,0,0,0,0,0,0,0,0,0,0,0,0,0,0,0,0,0,0,0,0,0,0
"President, Congressional District 25",Ted Cruz,1,45259.00,0.4035,2016,13,13,0,1,0,0,0,0,0,0,0,1,0,1,1,0,0,1,0,0,0,0,0,0,0,0,0,0,0,1,0,0,1,1,0,0,0,1,1
"President, Congressional District 25",Carly Fiorina,1,139.00,0.0012,2016,8,8,0,0,0,0,0,0,0,0,0,0,0,0,0,0,0,0,0,0,0,0,0,0,0,0,0,0,0,0,0,0,0,0,0,0,0,0,0
"President, Congressional District 25",Lindsey Graham,1,30.00,0.0003,2016,11,11,0,0,0,0,0,0,0,0,0,0,0,0,0,0,0,0,0,0,0,0,0,0,0,0,0,0,0,0,0,0,0,0,0,0,0,0,0
"President, Congressional District 25",Elizabeth Gray,1,51.00,0.0005,2016,71,71,0,0,0,0,0,0,0,0,0,0,0,0,0,0,0,0,0,0,0,0,0,0,0,0,0,0,0,0,0,0,0,0,0,0,0,0,0
"President, Congressional District 25",Mike Huckabee,1,210.00,0.0019,2016,33,33,0,0,0,0,0,0,0,0,0,0,0,0,0,0,0,0,0,0,0,0,0,0,0,0,0,0,0,0,0,0,0,0,0,0,0,0,0
"President, Congressional District 25",John R. Kasich,1,5318.00,0.0474,2016,127,127,0,0,0,0,0,0,0,0,0,0,0,0,0,0,0,0,0,0,0,0,0,0,0,0,0,0,1,0,0,0,0,0,0,0,0,0,0
"President, Congressional District 25",Rand Paul,1,408.00,0.0036,2016,30,30,0,0,0,0,0,0,0,0,0,0,0,0,0,0,0,0,0,0,0,0,0,0,0,0,0,0,0,0,0,0,0,0,0,0,0,0,0
"President, Congressional District 25",Marco Rubio,1,20619.00,0.1838,2016,15,15,0,0,0,0,0,1,0,0,0,0,0,0,0,0,0,0,0,0,1,0,0,0,0,0,0,0,0,0,0,0,0,0,0,0,0,0,0
"President, Congressional District 25",Rick Santorum,1,54.00,0.0005,2016,52,52,0,0,0,0,1,0,0,0,0,0,0,0,0,0,0,0,0,0,0,0,0,0,0,0,0,0,0,0,0,0,0,0,0,0,0,0,0
"President, Congressional District 25",Donald J. Trump,1,31858.00,0.284,2016,11,11,1,0,1,1,0,0,1,1,1,0,1,0,0,1,1,0,1,1,0,1,1,0,1,1,1,1,0,0,1,1,0,0,1,1,0,0,0
"President, Congressional District 25",Uncommitted,1,1572.00,0.014,2016,251,251,0,0,0,0,0,0,0,0,0,0,0,0,0,0,0,0,0,0,0,0,0,0,0,0,0,0,0,0,0,0,0,0,0,0,0,0,0
"President, Congressional District 26",Jeb Bush,1,1082.00,0.01,2016,83,83,0,0,0,0,0,0,0,0,0,0,0,0,0,0,0,0,0,0,0,0,0,0,0,0,0,0,0,0,0,0,0,0,0,0,0,0,0
"President, Congressional District 26",Ben Carson,1,4650.00,0.0428,2016,764,764,0,0,0,0,0,0,0,0,0,0,0,0,0,0,0,0,0,0,0,0,0,0,0,0,0,0,0,0,0,0,0,0,0,0,0,0,0
"President, Congressional District 26",Chris Christie,1,106.00,0.001,2016,112,112,0,0,0,0,0,0,0,0,0,0,0,0,0,0,0,0,0,0,0,0,0,0,0,0,0,0,0,0,0,0,0,0,0,0,0,0,0
"President, Congressional District 26",Ted Cruz,1,45678.00,0.4207,2016,297,297,0,1,0,0,0,0,0,0,0,1,0,1,1,0,0,1,0,0,0,0,0,0,0,0,0,0,0,1,0,0,1,1,0,0,0,1,1
"President, Congressional District 26",Carly Fiorina,1,95.00,0.0009,2016,167,167,0,0,0,0,0,0,0,0,0,0,0,0,0,0,0,0,0,0,0,0,0,0,0,0,0,0,0,0,0,0,0,0,0,0,0,0,0
"President, Congressional District 26",Lindsey Graham,1,20.00,0.0002,2016,39,39,0,0,0,0,0,0,0,0,0,0,0,0,0,0,0,0,0,0,0,0,0,0,0,0,0,0,0,0,0,0,0,0,0,0,0,0,0
"President, Congressional District 26",Elizabeth Gray,1,24.00,0.0002,2016,41,41,0,0,0,0,0,0,0,0,0,0,0,0,0,0,0,0,0,0,0,0,0,0,0,0,0,0,0,0,0,0,0,0,0,0,0,0,0
"President, Congressional District 26",Mike Huckabee,1,153.00,0.0014,2016,99,99,0,0,0,0,0,0,0,0,0,0,0,0,0,0,0,0,0,0,0,0,0,0,0,0,0,0,0,0,0,0,0,0,0,0,0,0,0
"President, Congressional District 26",John R. Kasich,1,4911.00,0.0452,2016,80,80,0,0,0,0,0,0,0,0,0,0,0,0,0,0,0,0,0,0,0,0,0,0,0,0,0,0,1,0,0,0,0,0,0,0,0,0,0
"President, Congressional District 26",Rand Paul,1,304.00,0.0028,2016,46,46,0,0,0,0,0,0,0,0,0,0,0,0,0,0,0,0,0,0,0,0,0,0,0,0,0,0,0,0,0,0,0,0,0,0,0,0,0
"President, Congressional District 26",Marco Rubio,1,23115.00,0.2129,2016,64,64,0,0,0,0,0,1,0,0,0,0,0,0,0,0,0,0,0,0,1,0,0,0,0,0,0,0,0,0,0,0,0,0,0,0,0,0,0
"President, Congressional District 26",Rick Santorum,1,44.00,0.0004,2016,30,30,0,0,0,0,1,0,0,0,0,0,0,0,0,0,0,0,0,0,0,0,0,0,0,0,0,0,0,0,0,0,0,0,0,0,0,0,0
"President, Congressional District 26",Donald J. Trump,1,27692.00,0.255,2016,16,16,1,0,1,1,0,0,1,1,1,0,1,0,0,1,1,0,1,1,0,1,1,0,1,1,1,1,0,0,1,1,0,0,1,1,0,0,0
"President, Congressional District 26",Uncommitted,1,710.00,0.0065,2016,14,14,0,0,0,0,0,0,0,0,0,0,0,0,0,0,0,0,0,0,0,0,0,0,0,0,0,0,0,0,0,0,0,0,0,0,0,0,0
"President, Congressional District 27",Jeb Bush,1,1090.00,0.0133,2016,8,8,0,0,0,0,0,0,0,0,0,0,0,0,0,0,0,0,0,0,0,0,0,0,0,0,0,0,0,0,0,0,0,0,0,0,0,0,0
"President, Congressional District 27",Ben Carson,1,2880.00,0.0353,2016,127,127,0,0,0,0,0,0,0,0,0,0,0,0,0,0,0,0,0,0,0,0,0,0,0,0,0,0,0,0,0,0,0,0,0,0,0,0,0
"President, Congressional District 27",Chris Christie,1,94.00,0.0012,2016,12,12,0,0,0,0,0,0,0,0,0,0,0,0,0,0,0,0,0,0,0,0,0,0,0,0,0,0,0,0,0,0,0,0,0,0,0,0,0
"President, Congressional District 27",Ted Cruz,1,35293.00,0.432,2016,21,21,0,1,0,0,0,0,0,0,0,1,0,1,1,0,0,1,0,0,0,0,0,0,0,0,0,0,0,1,0,0,1,1,0,0,0,1,1
"President, Congressional District 27",Carly Fiorina,1,218.00,0.0027,2016,16,16,0,0,0,0,0,0,0,0,0,0,0,0,0,0,0,0,0,0,0,0,0,0,0,0,0,0,0,0,0,0,0,0,0,0,0,0,0
"President, Congressional District 27",Lindsey Graham,1,132.00,0.0016,2016,63,63,0,0,0,0,0,0,0,0,0,0,0,0,0,0,0,0,0,0,0,0,0,0,0,0,0,0,0,0,0,0,0,0,0,0,0,0,0
"President, Congressional District 27",Elizabeth Gray,1,33.00,0.0004,2016,9,9,0,0,0,0,0,0,0,0,0,0,0,0,0,0,0,0,0,0,0,0,0,0,0,0,0,0,0,0,0,0,0,0,0,0,0,0,0
"President, Congressional District 27",Mike Huckabee,1,123.00,0.0015,2016,44,44,0,0,0,0,0,0,0,0,0,0,0,0,0,0,0,0,0,0,0,0,0,0,0,0,0,0,0,0,0,0,0,0,0,0,0,0,0
"President, Congressional District 27",John R. Kasich,1,3071.00,0.0376,2016,14,0,0,0,0,0,0,0,0,0,0,0,0,0,0,0,0,0,0,0,0,0,0,0,0,0,0,0,1,0,0,0,0,0,0,0,0,0,0
"President, Congressional District 27",Rand Paul,1,306.00,0.0037,2016,173,173,0,0,0,0,0,0,0,0,0,0,0,0,0,0,0,0,0,0,0,0,0,0,0,0,0,0,0,0,0,0,0,0,0,0,0,0,0
"President, Congressional District 27",Marco Rubio,1,12108.00,0.1482,2016,577,577,0,0,0,0,0,1,0,0,0,0,0,0,0,0,0,0,0,0,1,0,0,0,0,0,0,0,0,0,0,0,0,0,0,0,0,0,0
"President, Congressional District 27",Rick Santorum,1,41.00,0.0005,2016,11,11,0,0,0,0,1,0,0,0,0,0,0,0,0,0,0,0,0,0,0,0,0,0,0,0,0,0,0,0,0,0,0,0,0,0,0,0,0
"President, Congressional District 27",Donald J. Trump,1,25212.00,0.3086,2016,69,69,1,0,1,1,0,0,1,1,1,0,1,0,0,1,1,0,1,1,0,1,1,0,1,1,1,1,0,0,1,1,0,0,1,1,0,0,0
"President, Congressional District 27",Uncommitted,1,1096.00,0.0134,2016,31,31,0,0,0,0,0,0,0,0,0,0,0,0,0,0,0,0,0,0,0,0,0,0,0,0,0,0,0,0,0,0,0,0,0,0,0,0,0
"President, Congressional District 28",Jeb Bush,1,416.00,0.0127,2016,47,47,0,0,0,0,0,0,0,0,0,0,0,0,0,0,0,0,0,0,0,0,0,0,0,0,0,0,0,0,0,0,0,0,0,0,0,0,0
"President, Congressional District 28",Ben Carson,1,1204.00,0.0369,2016,60,60,0,0,0,0,0,0,0,0,0,0,0,0,0,0,0,0,0,0,0,0,0,0,0,0,0,0,0,0,0,0,0,0,0,0,0,0,0
"President, Congressional District 28",Chris Christie,1,45.00,0.0014,2016,22,22,0,0,0,0,0,0,0,0,0,0,0,0,0,0,0,0,0,0,0,0,0,0,0,0,0,0,0,0,0,0,0,0,0,0,0,0,0
"President, Congressional District 28",Ted Cruz,1,14341.00,0.439,2016,766,766,0,1,0,0,0,0,0,0,0,1,0,1,1,0,0,1,0,0,0,0,0,0,0,0,0,0,0,1,0,0,1,1,0,0,0,1,1
"President, Congressional District 28",Carly Fiorina,1,40.00,0.0012,2016,15,15,0,0,0,0,0,0,0,0,0,0,0,0,0,0,0,0,0,0,0,0,0,0,0,0,0,0,0,0,0,0,0,0,0,0,0,0,0
"President, Congressional District 28",Lindsey Graham,1,30.00,0.0009,2016,10,10,0,0,0,0,0,0,0,0,0,0,0,0,0,0,0,0,0,0,0,0,0,0,0,0,0,0,0,0,0,0,0,0,0,0,0,0,0
"President, Congressional District 28",Elizabeth Gray,1,22.00,0.0007,2016,199,199,0,0,0,0,0,0,0,0,0,0,0,0,0,0,0,0,0,0,0,0,0,0,0,0,0,0,0,0,0,0,0,0,0,0,0,0,0
"President, Congressional District 28",Mike Huckabee,1,53.00,0.0016,2016,79,79,0,0,0,0,0,0,0,0,0,0,0,0,0,0,0,0,0,0,0,0,0,0,0,0,0,0,0,0,0,0,0,0,0,0,0,0,0
"President, Congressional District 28",John R. Kasich,1,774.00,0.0237,2016,23,23,0,0,0,0,0,0,0,0,0,0,0,0,0,0,0,0,0,0,0,0,0,0,0,0,0,0,1,0,0,0,0,0,0,0,0,0,0
"President, Congressional District 28",Rand Paul,1,74.00,0.0023,2016,8,8,0,0,0,0,0,0,0,0,0,0,0,0,0,0,0,0,0,0,0,0,0,0,0,0,0,0,0,0,0,0,0,0,0,0,0,0,0
"President, Congressional District 28",Marco Rubio,1,5616.00,0.1719,2016,25,25,0,0,0,0,0,1,0,0,0,0,0,0,0,0,0,0,0,0,1,0,0,0,0,0,0,0,0,0,0,0,0,0,0,0,0,0,0
"President, Congressional District 28",Rick Santorum,1,23.00,0.0007,2016,10,10,0,0,0,0,1,0,0,0,0,0,0,0,0,0,0,0,0,0,0,0,0,0,0,0,0,0,0,0,0,0,0,0,0,0,0,0,0
"President, Congressional District 28",Donald J. Trump,1,9819.00,0.3006,2016,13,13,1,0,1,1,0,0,1,1,1,0,1,0,0,1,1,0,1,1,0,1,1,0,1,1,1,1,0,0,1,1,0,0,1,1,0,0,0
"President, Congressional District 28",Uncommitted,1,209.00,0.0064,2016,9,9,0,0,0,0,0,0,0,0,0,0,0,0,0,0,0,0,0,0,0,0,0,0,0,0,0,0,0,0,0,0,0,0,0,0,0,0,0
"President, Congressional District 28",Jeb Bush,1,219.00,0.0134,2016,8,8,0,0,0,0,0,0,0,0,0,0,0,0,0,0,0,0,0,0,0,0,0,0,0,0,0,0,0,0,0,0,0,0,0,0,0,0,0
"President, Congressional District 28",Ben Carson,1,465.00,0.0285,2016,12,12,0,0,0,0,0,0,0,0,0,0,0,0,0,0,0,0,0,0,0,0,0,0,0,0,0,0,0,0,0,0,0,0,0,0,0,0,0
"President, Congressional District 28",Chris Christie,1,20.00,0.0012,2016,10,10,0,0,0,0,0,0,0,0,0,0,0,0,0,0,0,0,0,0,0,0,0,0,0,0,0,0,0,0,0,0,0,0,0,0,0,0,0
"President, Congressional District 28",Ted Cruz,1,8189.00,0.5016,2016,37,37,0,1,0,0,0,0,0,0,0,1,0,1,1,0,0,1,0,0,0,0,0,0,0,0,0,0,0,1,0,0,1,1,0,0,0,1,1
"President, Congressional District 28",Carly Fiorina,1,12.00,0.0007,2016,25,25,0,0,0,0,0,0,0,0,0,0,0,0,0,0,0,0,0,0,0,0,0,0,0,0,0,0,0,0,0,0,0,0,0,0,0,0,0
"President, Congressional District 28",Lindsey Graham,1,13.00,0.0008,2016,348,348,0,0,0,0,0,0,0,0,0,0,0,0,0,0,0,0,0,0,0,0,0,0,0,0,0,0,0,0,0,0,0,0,0,0,0,0,0
"President, Congressional District 28",Elizabeth Gray,1,9.00,0.0006,2016,8,8,0,0,0,0,0,0,0,0,0,0,0,0,0,0,0,0,0,0,0,0,0,0,0,0,0,0,0,0,0,0,0,0,0,0,0,0,0
"President, Congressional District 28",Mike Huckabee,1,24.00,0.0015,2016,37,37,0,0,0,0,0,0,0,0,0,0,0,0,0,0,0,0,0,0,0,0,0,0,0,0,0,0,0,0,0,0,0,0,0,0,0,0,0
"President, Congressional District 28",John R. Kasich,1,396.00,0.0243,2016,14,14,0,0,0,0,0,0,0,0,0,0,0,0,0,0,0,0,0,0,0,0,0,0,0,0,0,0,1,0,0,0,0,0,0,0,0,0,0
"President, Congressional District 28",Rand Paul,1,28.00,0.0017,2016,15,15,0,0,0,0,0,0,0,0,0,0,0,0,0,0,0,0,0,0,0,0,0,0,0,0,0,0,0,0,0,0,0,0,0,0,0,0,0
"President, Congressional District 28",Marco Rubio,1,2736.00,0.1676,2016,5,5,0,0,0,0,0,1,0,0,0,0,0,0,0,0,0,0,0,0,1,0,0,0,0,0,0,0,0,0,0,0,0,0,0,0,0,0,0
"President, Congressional District 28",Rick Santorum,1,14.00,0.0009,2016,104,104,0,0,0,0,1,0,0,0,0,0,0,0,0,0,0,0,0,0,0,0,0,0,0,0,0,0,0,0,0,0,0,0,0,0,0,0,0
"President, Congressional District 28",Donald J. Trump,1,4054.00,0.2483,2016,129,129,1,0,1,1,0,0,1,1,1,0,1,0,0,1,1,0,1,1,0,1,1,0,1,1,1,1,0,0,1,1,0,0,1,1,0,0,0
"President, Congressional District 28",Uncommitted,1,147.00,0.009,2016,132,132,0,0,0,0,0,0,0,0,0,0,0,0,0,0,0,0,0,0,0,0,0,0,0,0,0,0,0,0,0,0,0,0,0,0,0,0,0
"President, Congressional District 30",Jeb Bush,1,207.00,0.009,2016,13,13,0,0,0,0,0,0,0,0,0,0,0,0,0,0,0,0,0,0,0,0,0,0,0,0,0,0,0,0,0,0,0,0,0,0,0,0,0
"President, Congressional District 30",Ben Carson,1,1075.00,0.0467,2016,8,8,0,0,0,0,0,0,0,0,0,0,0,0,0,0,0,0,0,0,0,0,0,0,0,0,0,0,0,0,0,0,0,0,0,0,0,0,0
"President, Congressional District 30",Chris Christie,1,14.00,0.0006,2016,11,11,0,0,0,0,0,0,0,0,0,0,0,0,0,0,0,0,0,0,0,0,0,0,0,0,0,0,0,0,0,0,0,0,0,0,0,0,0
"President, Congressional District 30",Ted Cruz,1,9546.00,0.415,2016,71,71,0,1,0,0,0,0,0,0,0,1,0,1,1,0,0,1,0,0,0,0,0,0,0,0,0,0,0,1,0,0,1,1,0,0,0,1,1
"President, Congressional District 30",Carly Fiorina,1,25.00,0.0011,2016,33,33,0,0,0,0,0,0,0,0,0,0,0,0,0,0,0,0,0,0,0,0,0,0,0,0,0,0,0,0,0,0,0,0,0,0,0,0,0
"President, Congressional District 30",Lindsey Graham,1,14.00,0.0006,2016,127,127,0,0,0,0,0,0,0,0,0,0,0,0,0,0,0,0,0,0,0,0,0,0,0,0,0,0,0,0,0,0,0,0,0,0,0,0,0
"President, Congressional District 30",Elizabeth Gray,1,6.00,0.0003,2016,30,30,0,0,0,0,0,0,0,0,0,0,0,0,0,0,0,0,0,0,0,0,0,0,0,0,0,0,0,0,0,0,0,0,0,0,0,0,0
"President, Congressional District 30",Mike Huckabee,1,34.00,0.0015,2016,15,15,0,0,0,0,0,0,0,0,0,0,0,0,0,0,0,0,0,0,0,0,0,0,0,0,0,0,0,0,0,0,0,0,0,0,0,0,0
"President, Congressional District 30",John R. Kasich,1,1063.00,0.0462,2016,52,52,0,0,0,0,0,0,0,0,0,0,0,0,0,0,0,0,0,0,0,0,0,0,0,0,0,0,1,0,0,0,0,0,0,0,0,0,0
"President, Congressional District 30",Rand Paul,1,51.00,0.0022,2016,11,11,0,0,0,0,0,0,0,0,0,0,0,0,0,0,0,0,0,0,0,0,0,0,0,0,0,0,0,0,0,0,0,0,0,0,0,0,0
"President, Congressional District 30",Marco Rubio,1,5104.00,0.2219,2016,251,251,0,0,0,0,0,1,0,0,0,0,0,0,0,0,0,0,0,0,1,0,0,0,0,0,0,0,0,0,0,0,0,0,0,0,0,0,0
"President, Congressional District 30",Rick Santorum,1,11.00,0.0005,2016,83,83,0,0,0,0,1,0,0,0,0,0,0,0,0,0,0,0,0,0,0,0,0,0,0,0,0,0,0,0,0,0,0,0,0,0,0,0,0
"President, Congressional District 30",Donald J. Trump,1,5757.00,0.2503,2016,764,764,1,0,1,1,0,0,1,1,1,0,1,0,0,1,1,0,1,1,0,1,1,0,1,1,1,1,0,0,1,1,0,0,1,1,0,0,0
"President, Congressional District 30",Uncommitted,1,97.00,0.0042,2016,112,112,0,0,0,0,0,0,0,0,0,0,0,0,0,0,0,0,0,0,0,0,0,0,0,0,0,0,0,0,0,0,0,0,0,0,0,0,0
"President, Congressional District 31",Jeb Bush,1,1454.00,0.0148,2016,297,297,0,0,0,0,0,0,0,0,0,0,0,0,0,0,0,0,0,0,0,0,0,0,0,0,0,0,0,0,0,0,0,0,0,0,0,0,0
"President, Congressional District 31",Ben Carson,1,4401.00,0.0449,2016,167,167,0,0,0,0,0,0,0,0,0,0,0,0,0,0,0,0,0,0,0,0,0,0,0,0,0,0,0,0,0,0,0,0,0,0,0,0,0
"President, Congressional District 31",Chris Christie,1,163.00,0.0017,2016,39,39,0,0,0,0,0,0,0,0,0,0,0,0,0,0,0,0,0,0,0,0,0,0,0,0,0,0,0,0,0,0,0,0,0,0,0,0,0
"President, Congressional District 31",Ted Cruz,1,37584.00,0.3831,2016,41,41,0,1,0,0,0,0,0,0,0,1,0,1,1,0,0,1,0,0,0,0,0,0,0,0,0,0,0,1,0,0,1,1,0,0,0,1,1
"President, Congressional District 31",Carly Fiorina,1,187.00,0.0019,2016,99,99,0,0,0,0,0,0,0,0,0,0,0,0,0,0,0,0,0,0,0,0,0,0,0,0,0,0,0,0,0,0,0,0,0,0,0,0,0
"President, Congressional District 31",Lindsey Graham,1,47.00,0.0005,2016,80,80,0,0,0,0,0,0,0,0,0,0,0,0,0,0,0,0,0,0,0,0,0,0,0,0,0,0,0,0,0,0,0,0,0,0,0,0,0
"President, Congressional District 31",Elizabeth Gray,1,2410.00,0.0246,2016,46,46,0,0,0,0,0,0,0,0,0,0,0,0,0,0,0,0,0,0,0,0,0,0,0,0,0,0,0,0,0,0,0,0,0,0,0,0,0
"President, Congressional District 31",Mike Huckabee,1,234.00,0.0024,2016,64,64,0,0,0,0,0,0,0,0,0,0,0,0,0,0,0,0,0,0,0,0,0,0,0,0,0,0,0,0,0,0,0,0,0,0,0,0,0
"President, Congressional District 31",John R. Kasich,1,5011.00,0.0511,2016,30,30,0,0,0,0,0,0,0,0,0,0,0,0,0,0,0,0,0,0,0,0,0,0,0,0,0,0,1,0,0,0,0,0,0,0,0,0,0
"President, Congressional District 31",Rand Paul,1,466.00,0.0048,2016,16,16,0,0,0,0,0,0,0,0,0,0,0,0,0,0,0,0,0,0,0,0,0,0,0,0,0,0,0,0,0,0,0,0,0,0,0,0,0
"President, Congressional District 31",Marco Rubio,1,19468.00,0.1985,2016,14,14,0,0,0,0,0,1,0,0,0,0,0,0,0,0,0,0,0,0,1,0,0,0,0,0,0,0,0,0,0,0,0,0,0,0,0,0,0
"President, Congressional District 31",Rick Santorum,1,65.00,0.0007,2016,8,8,0,0,0,0,1,0,0,0,0,0,0,0,0,0,0,0,0,0,0,0,0,0,0,0,0,0,0,0,0,0,0,0,0,0,0,0,0
"President, Congressional District 31",Donald J. Trump,1,25213.00,0.257,2016,127,127,1,0,1,1,0,0,1,1,1,0,1,0,0,1,1,0,1,1,0,1,1,0,1,1,1,1,0,0,1,1,0,0,1,1,0,0,0
"President, Congressional District 31",Uncommitted,1,1391.00,0.0142,2016,12,12,0,0,0,0,0,0,0,0,0,0,0,0,0,0,0,0,0,0,0,0,0,0,0,0,0,0,0,0,0,0,0,0,0,0,0,0,0
"President, Congressional District 32",Jeb Bush,1,1109.00,0.0123,2016,21,21,0,0,0,0,0,0,0,0,0,0,0,0,0,0,0,0,0,0,0,0,0,0,0,0,0,0,0,0,0,0,0,0,0,0,0,0,0
"President, Congressional District 32",Ben Carson,1,2800.00,0.031,2016,16,16,0,0,0,0,0,0,0,0,0,0,0,0,0,0,0,0,0,0,0,0,0,0,0,0,0,0,0,0,0,0,0,0,0,0,0,0,0
"President, Congressional District 32",Chris Christie,1,87.00,0.001,2016,63,63,0,0,0,0,0,0,0,0,0,0,0,0,0,0,0,0,0,0,0,0,0,0,0,0,0,0,0,0,0,0,0,0,0,0,0,0,0
"President, Congressional District 32",Ted Cruz,1,30115.00,0.333,2016,9,9,0,1,0,0,0,0,0,0,0,1,0,1,1,0,0,1,0,0,0,0,0,0,0,0,0,0,0,1,0,0,1,1,0,0,0,1,1
"President, Congressional District 32",Carly Fiorina,1,107.00,0.0012,2016,44,44,0,0,0,0,0,0,0,0,0,0,0,0,0,0,0,0,0,0,0,0,0,0,0,0,0,0,0,0,0,0,0,0,0,0,0,0,0
"President, Congressional District 32",Lindsey Graham,1,40.00,0.0004,2016,14,0,0,0,0,0,0,0,0,0,0,0,0,0,0,0,0,0,0,0,0,0,0,0,0,0,0,0,0,0,0,0,0,0,0,0,0,0,0
"President, Congressional District 32",Elizabeth Gray,1,19.00,0.0002,2016,173,173,0,0,0,0,0,0,0,0,0,0,0,0,0,0,0,0,0,0,0,0,0,0,0,0,0,0,0,0,0,0,0,0,0,0,0,0,0
"President, Congressional District 32",Mike Huckabee,1,100.00,0.0011,2016,577,577,0,0,0,0,0,0,0,0,0,0,0,0,0,0,0,0,0,0,0,0,0,0,0,0,0,0,0,0,0,0,0,0,0,0,0,0,0
"President, Congressional District 32",John R. Kasich,1,8098.00,0.0895,2016,11,11,0,0,0,0,0,0,0,0,0,0,0,0,0,0,0,0,0,0,0,0,0,0,0,0,0,0,1,0,0,0,0,0,0,0,0,0,0
"President, Congressional District 32",Rand Paul,1,216.00,0.0024,2016,69,69,0,0,0,0,0,0,0,0,0,0,0,0,0,0,0,0,0,0,0,0,0,0,0,0,0,0,0,0,0,0,0,0,0,0,0,0,0
"President, Congressional District 32",Marco Rubio,1,25849.00,0.2858,2016,31,31,0,0,0,0,0,1,0,0,0,0,0,0,0,0,0,0,0,0,1,0,0,0,0,0,0,0,0,0,0,0,0,0,0,0,0,0,0
"President, Congressional District 32",Rick Santorum,1,44.00,0.0005,2016,47,47,0,0,0,0,1,0,0,0,0,0,0,0,0,0,0,0,0,0,0,0,0,0,0,0,0,0,0,0,0,0,0,0,0,0,0,0,0
"President, Congressional District 32",Donald J. Trump,1,21345.00,0.236,2016,60,60,1,0,1,1,0,0,1,1,1,0,1,0,0,1,1,0,1,1,0,1,1,0,1,1,1,1,0,0,1,1,0,0,1,1,0,0,0
"President, Congressional District 32",Uncommitted,1,510.00,0.0056,2016,22,22,0,0,0,0,0,0,0,0,0,0,0,0,0,0,0,0,0,0,0,0,0,0,0,0,0,0,0,0,0,0,0,0,0,0,0,0,0
"President, Congressional District 33",Jeb Bush,1,206.00,0.0122,2016,766,766,0,0,0,0,0,0,0,0,0,0,0,0,0,0,0,0,0,0,0,0,0,0,0,0,0,0,0,0,0,0,0,0,0,0,0,0,0
"President, Congressional District 33",Ben Carson,1,701.00,0.0417,2016,15,15,0,0,0,0,0,0,0,0,0,0,0,0,0,0,0,0,0,0,0,0,0,0,0,0,0,0,0,0,0,0,0,0,0,0,0,0,0
"President, Congressional District 33",Chris Christie,1,17.00,0.001,2016,10,10,0,0,0,0,0,0,0,0,0,0,0,0,0,0,0,0,0,0,0,0,0,0,0,0,0,0,0,0,0,0,0,0,0,0,0,0,0
"President, Congressional District 33",Ted Cruz,1,7300.00,0.4338,2016,199,199,0,1,0,0,0,0,0,0,0,1,0,1,1,0,0,1,0,0,0,0,0,0,0,0,0,0,0,1,0,0,1,1,0,0,0,1,1
"President, Congressional District 33",Carly Fiorina,1,23.00,0.0014,2016,79,79,0,0,0,0,0,0,0,0,0,0,0,0,0,0,0,0,0,0,0,0,0,0,0,0,0,0,0,0,0,0,0,0,0,0,0,0,0
"President, Congressional District 33",Lindsey Graham,1,10.00,0.0006,2016,23,23,0,0,0,0,0,0,0,0,0,0,0,0,0,0,0,0,0,0,0,0,0,0,0,0,0,0,0,0,0,0,0,0,0,0,0,0,0
"President, Congressional District 33",Elizabeth Gray,1,12.00,0.0007,2016,8,8,0,0,0,0,0,0,0,0,0,0,0,0,0,0,0,0,0,0,0,0,0,0,0,0,0,0,0,0,0,0,0,0,0,0,0,0,0
"President, Congressional District 33",Mike Huckabee,1,36.00,0.0021,2016,25,25,0,0,0,0,0,0,0,0,0,0,0,0,0,0,0,0,0,0,0,0,0,0,0,0,0,0,0,0,0,0,0,0,0,0,0,0,0
"President, Congressional District 33",John R. Kasich,1,516.00,0.0307,2016,10,10,0,0,0,0,0,0,0,0,0,0,0,0,0,0,0,0,0,0,0,0,0,0,0,0,0,0,1,0,0,0,0,0,0,0,0,0,0
"President, Congressional District 33",Rand Paul,1,42.00,0.0025,2016,13,13,0,0,0,0,0,0,0,0,0,0,0,0,0,0,0,0,0,0,0,0,0,0,0,0,0,0,0,0,0,0,0,0,0,0,0,0,0
"President, Congressional District 33",Marco Rubio,1,3019.00,0.1794,2016,9,9,0,0,0,0,0,1,0,0,0,0,0,0,0,0,0,0,0,0,1,0,0,0,0,0,0,0,0,0,0,0,0,0,0,0,0,0,0
"President, Congressional District 33",Rick Santorum,1,4.00,0.0002,2016,8,8,0,0,0,0,1,0,0,0,0,0,0,0,0,0,0,0,0,0,0,0,0,0,0,0,0,0,0,0,0,0,0,0,0,0,0,0,0
"President, Congressional District 33",Donald J. Trump,1,4841.00,0.2877,2016,12,12,1,0,1,1,0,0,1,1,1,0,1,0,0,1,1,0,1,1,0,1,1,0,1,1,1,1,0,0,1,1,0,0,1,1,0,0,0
"President, Congressional District 33",Uncommitted,1,100.00,0.0059,2016,10,10,0,0,0,0,0,0,0,0,0,0,0,0,0,0,0,0,0,0,0,0,0,0,0,0,0,0,0,0,0,0,0,0,0,0,0,0,0
"President, Congressional District 34",Jeb Bush,1,495.00,0.0164,2016,37,37,0,0,0,0,0,0,0,0,0,0,0,0,0,0,0,0,0,0,0,0,0,0,0,0,0,0,0,0,0,0,0,0,0,0,0,0,0
"President, Congressional District 34",Ben Carson,1,1065.00,0.0352,2016,25,25,0,0,0,0,0,0,0,0,0,0,0,0,0,0,0,0,0,0,0,0,0,0,0,0,0,0,0,0,0,0,0,0,0,0,0,0,0
"President, Congressional District 34",Chris Christie,1,51.00,0.0017,2016,348,348,0,0,0,0,0,0,0,0,0,0,0,0,0,0,0,0,0,0,0,0,0,0,0,0,0,0,0,0,0,0,0,0,0,0,0,0,0
"President, Congressional District 34",Ted Cruz,1,12571.00,0.4156,2016,8,8,0,1,0,0,0,0,0,0,0,1,0,1,1,0,0,1,0,0,0,0,0,0,0,0,0,0,0,1,0,0,1,1,0,0,0,1,1
"President, Congressional District 34",Carly Fiorina,1,33.00,0.0011,2016,37,37,0,0,0,0,0,0,0,0,0,0,0,0,0,0,0,0,0,0,0,0,0,0,0,0,0,0,0,0,0,0,0,0,0,0,0,0,0
"President, Congressional District 34",Lindsey Graham,1,18.00,0.0006,2016,14,14,0,0,0,0,0,0,0,0,0,0,0,0,0,0,0,0,0,0,0,0,0,0,0,0,0,0,0,0,0,0,0,0,0,0,0,0,0
"President, Congressional District 34",Elizabeth Gray,1,22.00,0.0007,2016,15,15,0,0,0,0,0,0,0,0,0,0,0,0,0,0,0,0,0,0,0,0,0,0,0,0,0,0,0,0,0,0,0,0,0,0,0,0,0
"President, Congressional District 34",Mike Huckabee,1,51.00,0.0017,2016,5,5,0,0,0,0,0,0,0,0,0,0,0,0,0,0,0,0,0,0,0,0,0,0,0,0,0,0,0,0,0,0,0,0,0,0,0,0,0
"President, Congressional District 34",John R. Kasich,1,760.00,0.0251,2016,104,104,0,0,0,0,0,0,0,0,0,0,0,0,0,0,0,0,0,0,0,0,0,0,0,0,0,0,1,0,0,0,0,0,0,0,0,0,0
"President, Congressional District 34",Rand Paul,1,86.00,0.0028,2016,129,129,0,0,0,0,0,0,0,0,0,0,0,0,0,0,0,0,0,0,0,0,0,0,0,0,0,0,0,0,0,0,0,0,0,0,0,0,0
"President, Congressional District 34",Marco Rubio,1,5130.00,0.1696,2016,132,132,0,0,0,0,0,1,0,0,0,0,0,0,0,0,0,0,0,0,1,0,0,0,0,0,0,0,0,0,0,0,0,0,0,0,0,0,0
"President, Congressional District 34",Rick Santorum,1,12.00,0.0004,2016,13,13,0,0,0,0,1,0,0,0,0,0,0,0,0,0,0,0,0,0,0,0,0,0,0,0,0,0,0,0,0,0,0,0,0,0,0,0,0
"President, Congressional District 34",Donald J. Trump,1,9630.00,0.3184,2016,8,8,1,0,1,1,0,0,1,1,1,0,1,0,0,1,1,0,1,1,0,1,1,0,1,1,1,1,0,0,1,1,0,0,1,1,0,0,0
"President, Congressional District 34",Uncommitted,1,325.00,0.0107,2016,11,11,0,0,0,0,0,0,0,0,0,0,0,0,0,0,0,0,0,0,0,0,0,0,0,0,0,0,0,0,0,0,0,0,0,0,0,0,0
"President, Congressional District 35",Jeb Bush,1,464.00,0.0144,2016,71,71,0,0,0,0,0,0,0,0,0,0,0,0,0,0,0,0,0,0,0,0,0,0,0,0,0,0,0,0,0,0,0,0,0,0,0,0,0
"President, Congressional District 35",Ben Carson,1,1410.00,0.0439,2016,33,33,0,0,0,0,0,0,0,0,0,0,0,0,0,0,0,0,0,0,0,0,0,0,0,0,0,0,0,0,0,0,0,0,0,0,0,0,0
"President, Congressional District 35",Chris Christie,1,40.00,0.0012,2016,127,127,0,0,0,0,0,0,0,0,0,0,0,0,0,0,0,0,0,0,0,0,0,0,0,0,0,0,0,0,0,0,0,0,0,0,0,0,0
"President, Congressional District 35",Ted Cruz,1,13254.00,0.4127,2016,30,30,0,1,0,0,0,0,0,0,0,1,0,1,1,0,0,1,0,0,0,0,0,0,0,0,0,0,0,1,0,0,1,1,0,0,0,1,1
"President, Congressional District 35",Carly Fiorina,1,38.00,0.0012,2016,15,15,0,0,0,0,0,0,0,0,0,0,0,0,0,0,0,0,0,0,0,0,0,0,0,0,0,0,0,0,0,0,0,0,0,0,0,0,0
"President, Congressional District 35",Lindsey Graham,1,11.00,0.0003,2016,52,52,0,0,0,0,0,0,0,0,0,0,0,0,0,0,0,0,0,0,0,0,0,0,0,0,0,0,0,0,0,0,0,0,0,0,0,0,0
"President, Congressional District 35",Elizabeth Gray,1,19.00,0.0006,2016,11,11,0,0,0,0,0,0,0,0,0,0,0,0,0,0,0,0,0,0,0,0,0,0,0,0,0,0,0,0,0,0,0,0,0,0,0,0,0
"President, Congressional District 35",Mike Huckabee,1,60.00,0.0019,2016,251,251,0,0,0,0,0,0,0,0,0,0,0,0,0,0,0,0,0,0,0,0,0,0,0,0,0,0,0,0,0,0,0,0,0,0,0,0,0
"President, Congressional District 35",John R. Kasich,1,1165.00,0.0363,2016,83,83,0,0,0,0,0,0,0,0,0,0,0,0,0,0,0,0,0,0,0,0,0,0,0,0,0,0,1,0,0,0,0,0,0,0,0,0,0
"President, Congressional District 35",Rand Paul,1,189.00,0.0059,2016,764,764,0,0,0,0,0,0,0,0,0,0,0,0,0,0,0,0,0,0,0,0,0,0,0,0,0,0,0,0,0,0,0,0,0,0,0,0,0
"President, Congressional District 35",Marco Rubio,1,6359.00,0.198,2016,112,112,0,0,0,0,0,1,0,0,0,0,0,0,0,0,0,0,0,0,1,0,0,0,0,0,0,0,0,0,0,0,0,0,0,0,0,0,0
"President, Congressional District 35",Rick Santorum,1,24.00,0.0007,2016,297,297,0,0,0,0,1,0,0,0,0,0,0,0,0,0,0,0,0,0,0,0,0,0,0,0,0,0,0,0,0,0,0,0,0,0,0,0,0
"President, Congressional District 35",Donald J. Trump,1,8823.00,0.2747,2016,167,167,1,0,1,1,0,0,1,1,1,0,1,0,0,1,1,0,1,1,0,1,1,0,1,1,1,1,0,0,1,1,0,0,1,1,0,0,0
"President, Congressional District 35",Uncommitted,1,262.00,0.0082,2016,39,39,0,0,0,0,0,0,0,0,0,0,0,0,0,0,0,0,0,0,0,0,0,0,0,0,0,0,0,0,0,0,0,0,0,0,0,0,0
"President, Congressional District 36",Jeb Bush,1,1122.00,0.0108,2016,41,41,0,0,0,0,0,0,0,0,0,0,0,0,0,0,0,0,0,0,0,0,0,0,0,0,0,0,0,0,0,0,0,0,0,0,0,0,0
"President, Congressional District 36",Ben Carson,1,3305.00,0.0318,2016,99,99,0,0,0,0,0,0,0,0,0,0,0,0,0,0,0,0,0,0,0,0,0,0,0,0,0,0,0,0,0,0,0,0,0,0,0,0,0
"President, Congressional District 36",Chris Christie,1,87.00,0.0008,2016,80,80,0,0,0,0,0,0,0,0,0,0,0,0,0,0,0,0,0,0,0,0,0,0,0,0,0,0,0,0,0,0,0,0,0,0,0,0,0
"President, Congressional District 36",Ted Cruz,1,51144.00,0.4926,2016,46,46,0,1,0,0,0,0,0,0,0,1,0,1,1,0,0,1,0,0,0,0,0,0,0,0,0,0,0,1,0,0,1,1,0,0,0,1,1
"President, Congressional District 36",Carly Fiorina,1,125.00,0.0012,2016,64,64,0,0,0,0,0,0,0,0,0,0,0,0,0,0,0,0,0,0,0,0,0,0,0,0,0,0,0,0,0,0,0,0,0,0,0,0,0
"President, Congressional District 36",Lindsey Graham,1,19.00,0.0002,2016,30,30,0,0,0,0,0,0,0,0,0,0,0,0,0,0,0,0,0,0,0,0,0,0,0,0,0,0,0,0,0,0,0,0,0,0,0,0,0
"President, Congressional District 36",Elizabeth Gray,1,27.00,0.0003,2016,16,16,0,0,0,0,0,0,0,0,0,0,0,0,0,0,0,0,0,0,0,0,0,0,0,0,0,0,0,0,0,0,0,0,0,0,0,0,0
"President, Congressional District 36",Mike Huckabee,1,236.00,0.0023,2016,14,14,0,0,0,0,0,0,0,0,0,0,0,0,0,0,0,0,0,0,0,0,0,0,0,0,0,0,0,0,0,0,0,0,0,0,0,0,0
"President, Congressional District 36",John R. Kasich,1,2649.00,0.0255,2016,8,8,0,0,0,0,0,0,0,0,0,0,0,0,0,0,0,0,0,0,0,0,0,0,0,0,0,0,1,0,0,0,0,0,0,0,0,0,0
"President, Congressional District 36",Rand Paul,1,257.00,0.0025,2016,127,127,0,0,0,0,0,0,0,0,0,0,0,0,0,0,0,0,0,0,0,0,0,0,0,0,0,0,0,0,0,0,0,0,0,0,0,0,0
"President, Congressional District 36",Marco Rubio,1,10968.00,0.1056,2016,12,12,0,0,0,0,0,1,0,0,0,0,0,0,0,0,0,0,0,0,1,0,0,0,0,0,0,0,0,0,0,0,0,0,0,0,0,0,0
"President, Congressional District 36",Rick Santorum,1,39.00,0.0004,2016,21,21,0,0,0,0,1,0,0,0,0,0,0,0,0,0,0,0,0,0,0,0,0,0,0,0,0,0,0,0,0,0,0,0,0,0,0,0,0
"President, Congressional District 36",Donald J. Trump,1,32508.00,0.3131,2016,16,16,1,0,0,0,0,0,0,0,0,0,0,0,0,0,0,0,1,1,0,0,1,0,1,1,0,1,0,0,1,1,0,0,1,1,0,0,0
"President, Congressional District 36",Uncommitted,1,1348.00,0.013,2016,63,63,0,0,0,0,0,0,0,0,0,0,0,0,0,0,0,0,0,0,0,0,0,0,0,0,0,0,0,0,0,0,0,0,0,0,0,0,0
President/Vice-President,Hillary Clinton,2,936004.00,0.6519,2016,9,9,1,0,1,1,0,0,1,0,0,0,1,1,0,1,1,0,0,0,0,1,0,0,0,0,1,1,1,0,1,0,0,0,0,0,0,0,0
President/Vice-President,"Roque ""Rocky"" De La Fuente",2,8429.00,0.0059,2016,44,44,0,0,0,0,0,0,0,0,0,0,0,0,0,0,0,0,0,0,0,0,0,0,0,0,0,0,0,0,0,0,0,0,0,0,0,0,0
President/Vice-President,Calvis L. Hawes,2,2017.00,0.0014,2016,9,9,0,0,0,0,0,0,0,0,0,0,0,0,0,0,0,0,0,0,0,0,0,0,0,0,0,0,0,0,0,0,0,0,0,0,0,0,0
President/Vice-President,Keith Judd,2,2569.00,0.0018,2016,44,44,0,0,0,0,0,0,0,0,0,0,0,0,0,0,0,0,0,0,0,0,0,0,0,0,0,0,0,0,0,0,0,0,0,0,0,0,0
President/Vice-President,Star Locke,2,1711.00,0.0012,2016,0,0,0,0,0,0,0,0,0,0,0,0,0,0,0,0,0,0,0,0,0,0,0,0,0,0,0,0,0,0,0,0,0,0,0,0,0,0,0
President/Vice-President,Martin J. O'Malley,2,5364.00,0.0037,2016,173,173,0,0,0,0,0,0,0,0,0,0,0,0,0,0,0,0,0,0,1,0,0,0,0,0,0,0,0,0,0,0,0,0,0,0,0,0,0
President/Vice-President,Bernie Sanders,2,476547.00,0.3319,2016,577,577,0,1,0,0,1,0,0,1,1,1,0,0,1,0,0,1,0,1,0,0,0,1,0,1,0,0,0,1,0,0,0,1,1,0,1,1,1
President/Vice-President,Willie L. Wilson,2,3254.00,0.0023,2016,11,11,0,0,0,0,0,0,0,0,0,0,0,0,0,0,0,0,0,0,0,0,0,0,0,0,0,0,0,0,0,0,0,0,0,0,0,0,0
"President, Senatorial District 1",Hillary Clinton,2,20935.00,0.7491,2016,69,69,1,0,1,1,0,0,1,0,0,0,1,1,0,1,1,0,1,0,0,1,1,0,1,0,1,1,1,0,1,1,0,0,0,1,0,0,0
"President, Senatorial District 1","Roque ""Rocky"" De La Fuente",2,61.00,0.0022,2016,31,31,0,0,0,0,0,0,0,0,0,0,0,0,0,0,0,0,0,0,0,0,0,0,0,0,0,0,0,0,0,0,0,0,0,0,0,0,0
"President, Senatorial District 1",Calvis L. Hawes,2,49.00,0.0018,2016,47,47,0,0,0,0,0,0,0,0,0,0,0,0,0,0,0,0,0,0,0,0,0,0,0,0,0,0,0,0,0,0,0,0,0,0,0,0,0
"President, Senatorial District 1",Keith Judd,2,148.00,0.0053,2016,60,60,0,0,0,0,0,0,0,0,0,0,0,0,0,0,0,0,0,0,0,0,0,0,0,0,0,0,0,0,0,0,0,0,0,0,0,0,0
"President, Senatorial District 1",Star Locke,2,41.00,0.0015,2016,22,22,0,0,0,0,0,0,0,0,0,0,0,0,0,0,0,0,0,0,0,0,0,0,0,0,0,0,0,0,0,0,0,0,0,0,0,0,0
"President, Senatorial District 1",Martin J. O'Malley,2,103.00,0.0037,2016,766,766,0,0,0,0,0,0,0,0,0,0,0,0,0,0,0,0,0,0,1,0,0,0,0,0,0,0,0,0,0,0,0,0,0,0,0,0,0
"President, Senatorial District 1",Bernie Sanders,2,6527.00,0.2335,2016,15,15,0,1,0,0,1,0,0,1,1,1,0,0,1,0,0,1,0,1,0,0,0,1,0,1,0,0,0,1,0,0,0,1,1,0,1,1,1
"President, Senatorial District 1",Willie L. Wilson,2,84.00,0.003,2016,10,10,0,0,0,0,0,0,0,0,0,0,0,0,0,0,0,0,0,0,0,0,0,0,0,0,0,0,0,0,0,0,0,0,0,0,0,0,0
"President, Senatorial District 2",Hillary Clinton,2,22000.00,0.6621,2016,199,199,1,0,1,1,0,0,1,0,0,0,1,1,0,1,1,0,1,0,0,1,1,0,1,0,1,1,1,0,1,1,0,0,0,1,0,0,0
"President, Senatorial District 2","Roque ""Rocky"" De La Fuente",2,62.00,0.0019,2016,79,79,0,0,0,0,0,0,0,0,0,0,0,0,0,0,0,0,0,0,0,0,0,0,0,0,0,0,0,0,0,0,0,0,0,0,0,0,0
"President, Senatorial District 2",Calvis L. Hawes,2,34.00,0.001,2016,23,23,0,0,0,0,0,0,0,0,0,0,0,0,0,0,0,0,0,0,0,0,0,0,0,0,0,0,0,0,0,0,0,0,0,0,0,0,0
"President, Senatorial District 2",Keith Judd,2,52.00,0.0016,2016,8,8,0,0,0,0,0,0,0,0,0,0,0,0,0,0,0,0,0,0,0,0,0,0,0,0,0,0,0,0,0,0,0,0,0,0,0,0,0
"President, Senatorial District 2",Star Locke,2,47.00,0.0014,2016,25,25,0,0,0,0,0,0,0,0,0,0,0,0,0,0,0,0,0,0,0,0,0,0,0,0,0,0,0,0,0,0,0,0,0,0,0,0,0
"President, Senatorial District 2",Martin J. O'Malley,2,116.00,0.0035,2016,10,10,0,0,0,0,0,0,0,0,0,0,0,0,0,0,0,0,0,0,1,0,0,0,0,0,0,0,0,0,0,0,0,0,0,0,0,0,0
"President, Senatorial District 2",Bernie Sanders,2,10851.00,0.3265,2016,13,13,0,1,0,0,1,0,0,1,1,1,0,0,1,0,0,1,0,1,0,0,0,1,0,1,0,0,0,1,0,0,0,1,1,0,1,1,1
"President, Senatorial District 2",Willie L. Wilson,2,68.00,0.002,2016,9,9,0,0,0,0,0,0,0,0,0,0,0,0,0,0,0,0,0,0,0,0,0,0,0,0,0,0,0,0,0,0,0,0,0,0,0,0,0
"President, Senatorial District 3",Hillary Clinton,2,16668.00,0.6932,2016,8,8,1,0,1,1,0,0,1,0,0,0,1,1,0,1,1,0,1,0,0,1,1,0,1,0,1,1,1,0,1,1,0,0,0,1,0,0,0
"President, Senatorial District 3","Roque ""Rocky"" De La Fuente",2,57.00,0.0024,2016,12,12,0,0,0,0,0,0,0,0,0,0,0,0,0,0,0,0,0,0,0,0,0,0,0,0,0,0,0,0,0,0,0,0,0,0,0,0,0
"President, Senatorial District 3",Calvis L. Hawes,2,71.00,0.003,2016,10,10,0,0,0,0,0,0,0,0,0,0,0,0,0,0,0,0,0,0,0,0,0,0,0,0,0,0,0,0,0,0,0,0,0,0,0,0,0
"President, Senatorial District 3",Keith Judd,2,128.00,0.0053,2016,37,37,0,0,0,0,0,0,0,0,0,0,0,0,0,0,0,0,0,0,0,0,0,0,0,0,0,0,0,0,0,0,0,0,0,0,0,0,0
"President, Senatorial District 3",Star Locke,2,85.00,0.0035,2016,25,25,0,0,0,0,0,0,0,0,0,0,0,0,0,0,0,0,0,0,0,0,0,0,0,0,0,0,0,0,0,0,0,0,0,0,0,0,0
"President, Senatorial District 3",Martin J. O'Malley,2,173.00,0.0072,2016,348,348,0,0,0,0,0,0,0,0,0,0,0,0,0,0,0,0,0,0,1,0,0,0,0,0,0,0,0,0,0,0,0,0,0,0,0,0,0
"President, Senatorial District 3",Bernie Sanders,2,6730.00,0.2799,2016,8,8,0,1,0,0,1,0,0,1,1,1,0,0,1,0,0,1,0,1,0,0,0,1,0,1,0,0,0,1,0,0,0,1,1,0,1,1,1
"President, Senatorial District 3",Willie L. Wilson,2,133.00,0.0055,2016,37,37,0,0,0,0,0,0,0,0,0,0,0,0,0,0,0,0,0,0,0,0,0,0,0,0,0,0,0,0,0,0,0,0,0,0,0,0,0
"President, Senatorial District 4",Hillary Clinton,2,27258.00,0.6933,2016,14,14,1,0,1,1,0,0,1,0,0,0,1,1,0,1,1,0,1,0,0,1,1,0,1,0,1,1,1,0,1,1,0,0,0,1,0,0,0
"President, Senatorial District 4","Roque ""Rocky"" De La Fuente",2,132.00,0.0034,2016,15,15,0,0,0,0,0,0,0,0,0,0,0,0,0,0,0,0,0,0,0,0,0,0,0,0,0,0,0,0,0,0,0,0,0,0,0,0,0
"President, Senatorial District 4",Calvis L. Hawes,2,113.00,0.0029,2016,5,5,0,0,0,0,0,0,0,0,0,0,0,0,0,0,0,0,0,0,0,0,0,0,0,0,0,0,0,0,0,0,0,0,0,0,0,0,0
"President, Senatorial District 4",Keith Judd,2,92.00,0.0023,2016,104,104,0,0,0,0,0,0,0,0,0,0,0,0,0,0,0,0,0,0,0,0,0,0,0,0,0,0,0,0,0,0,0,0,0,0,0,0,0
"President, Senatorial District 4",Star Locke,2,75.00,0.0019,2016,129,129,0,0,0,0,0,0,0,0,0,0,0,0,0,0,0,0,0,0,0,0,0,0,0,0,0,0,0,0,0,0,0,0,0,0,0,0,0
"President, Senatorial District 4",Martin J. O'Malley,2,230.00,0.0059,2016,132,132,0,0,0,0,0,0,0,0,0,0,0,0,0,0,0,0,0,0,1,0,0,0,0,0,0,0,0,0,0,0,0,0,0,0,0,0,0
"President, Senatorial District 4",Bernie Sanders,2,11315.00,0.2878,2016,13,13,0,1,0,0,1,0,0,1,1,1,0,0,1,0,0,1,0,1,0,0,0,1,0,1,0,0,0,1,0,0,0,1,1,0,1,1,1
"President, Senatorial District 4",Willie L. Wilson,2,99.00,0.0025,2016,8,8,0,0,0,0,0,0,0,0,0,0,0,0,0,0,0,0,0,0,0,0,0,0,0,0,0,0,0,0,0,0,0,0,0,0,0,0,0
"President, Senatorial District 5",Hillary Clinton,2,24794.00,0.5467,2016,11,11,1,0,1,1,0,0,1,0,0,0,1,1,0,1,1,0,1,0,0,1,1,0,1,0,1,1,1,0,1,1,0,0,0,1,0,0,0
"President, Senatorial District 5","Roque ""Rocky"" De La Fuente",2,85.00,0.0019,2016,71,71,0,0,0,0,0,0,0,0,0,0,0,0,0,0,0,0,0,0,0,0,0,0,0,0,0,0,0,0,0,0,0,0,0,0,0,0,0
"President, Senatorial District 5",Calvis L. Hawes,2,30.00,0.0007,2016,33,33,0,0,0,0,0,0,0,0,0,0,0,0,0,0,0,0,0,0,0,0,0,0,0,0,0,0,0,0,0,0,0,0,0,0,0,0,0
"President, Senatorial District 5",Keith Judd,2,54.00,0.0012,2016,127,127,0,0,0,0,0,0,0,0,0,0,0,0,0,0,0,0,0,0,0,0,0,0,0,0,0,0,0,0,0,0,0,0,0,0,0,0,0
"President, Senatorial District 5",Star Locke,2,48.00,0.0011,2016,30,30,0,0,0,0,0,0,0,0,0,0,0,0,0,0,0,0,0,0,0,0,0,0,0,0,0,0,0,0,0,0,0,0,0,0,0,0,0
"President, Senatorial District 5",Martin J. O'Malley,2,177.00,0.0039,2016,15,15,0,0,0,0,0,0,0,0,0,0,0,0,0,0,0,0,0,0,1,0,0,0,0,0,0,0,0,0,0,0,0,0,0,0,0,0,0
"President, Senatorial District 5",Bernie Sanders,2,20079.00,0.4427,2016,52,52,0,1,0,0,1,0,0,1,1,1,0,0,1,0,0,1,0,1,0,0,0,1,0,1,0,0,0,1,0,0,0,1,1,0,1,1,1
"President, Senatorial District 5",Willie L. Wilson,2,85.00,0.0019,2016,11,11,0,0,0,0,0,0,0,0,0,0,0,0,0,0,0,0,0,0,0,0,0,0,0,0,0,0,0,0,0,0,0,0,0,0,0,0,0
"President, Senatorial District 6",Hillary Clinton,2,25226.00,0.7147,2016,251,251,1,0,1,1,0,0,1,0,0,0,1,1,0,1,1,0,1,0,0,1,1,0,1,0,1,1,1,0,1,1,0,0,0,1,0,0,0
"President, Senatorial District 6","Roque ""Rocky"" De La Fuente",2,295.00,0.0084,2016,83,83,0,0,0,0,0,0,0,0,0,0,0,0,0,0,0,0,0,0,0,0,0,0,0,0,0,0,0,0,0,0,0,0,0,0,0,0,0
"President, Senatorial District 6",Calvis L. Hawes,2,120.00,0.0034,2016,764,764,0,0,0,0,0,0,0,0,0,0,0,0,0,0,0,0,0,0,0,0,0,0,0,0,0,0,0,0,0,0,0,0,0,0,0,0,0
"President, Senatorial District 6",Keith Judd,2,47.00,0.0013,2016,112,112,0,0,0,0,0,0,0,0,0,0,0,0,0,0,0,0,0,0,0,0,0,0,0,0,0,0,0,0,0,0,0,0,0,0,0,0,0
"President, Senatorial District 6",Star Locke,2,57.00,0.0016,2016,297,297,0,0,0,0,0,0,0,0,0,0,0,0,0,0,0,0,0,0,0,0,0,0,0,0,0,0,0,0,0,0,0,0,0,0,0,0,0
"President, Senatorial District 6",Martin J. O'Malley,2,120.00,0.0034,2016,167,167,0,0,0,0,0,0,0,0,0,0,0,0,0,0,0,0,0,0,1,0,0,0,0,0,0,0,0,0,0,0,0,0,0,0,0,0,0
"President, Senatorial District 6",Bernie Sanders,2,9353.00,0.265,2016,39,39,0,1,0,0,1,0,0,1,1,1,0,0,1,0,0,1,0,1,0,0,0,1,0,1,0,0,0,1,0,0,0,1,1,0,1,1,1
"President, Senatorial District 6",Willie L. Wilson,2,77.00,0.0022,2016,41,41,0,0,0,0,0,0,0,0,0,0,0,0,0,0,0,0,0,0,0,0,0,0,0,0,0,0,0,0,0,0,0,0,0,0,0,0,0
"President, Senatorial District 7",Hillary Clinton,2,21586.00,0.6388,2016,99,99,1,0,1,1,0,0,1,0,0,0,1,1,0,1,1,0,1,0,0,1,1,0,1,0,1,1,1,0,1,1,0,0,0,1,0,0,0
"President, Senatorial District 7","Roque ""Rocky"" De La Fuente",2,47.00,0.0014,2016,80,80,0,0,0,0,0,0,0,0,0,0,0,0,0,0,0,0,0,0,0,0,0,0,0,0,0,0,0,0,0,0,0,0,0,0,0,0,0
"President, Senatorial District 7",Calvis L. Hawes,2,46.00,0.0014,2016,46,46,0,0,0,0,0,0,0,0,0,0,0,0,0,0,0,0,0,0,0,0,0,0,0,0,0,0,0,0,0,0,0,0,0,0,0,0,0
"President, Senatorial District 7",Keith Judd,2,21.00,0.0006,2016,64,64,0,0,0,0,0,0,0,0,0,0,0,0,0,0,0,0,0,0,0,0,0,0,0,0,0,0,0,0,0,0,0,0,0,0,0,0,0
"President, Senatorial District 7",Star Locke,2,21.00,0.0006,2016,30,30,0,0,0,0,0,0,0,0,0,0,0,0,0,0,0,0,0,0,0,0,0,0,0,0,0,0,0,0,0,0,0,0,0,0,0,0,0
"President, Senatorial District 7",Martin J. O'Malley,2,54.00,0.0016,2016,16,16,0,0,0,0,0,0,0,0,0,0,0,0,0,0,0,0,0,0,1,0,0,0,0,0,0,0,0,0,0,0,0,0,0,0,0,0,0
"President, Senatorial District 7",Bernie Sanders,2,11989.00,0.3548,2016,14,14,0,1,0,0,1,0,0,1,1,1,0,0,1,0,0,1,0,1,0,0,0,1,0,1,0,0,0,1,0,0,0,1,1,0,1,1,1
"President, Senatorial District 7",Willie L. Wilson,2,25.00,0.0007,2016,8,8,0,0,0,0,0,0,0,0,0,0,0,0,0,0,0,0,0,0,0,0,0,0,0,0,0,0,0,0,0,0,0,0,0,0,0,0,0
"President, Senatorial District 8",Hillary Clinton,2,25917.00,0.5917,2016,127,127,1,0,1,1,0,0,1,0,0,0,1,1,0,1,1,0,1,0,0,1,1,0,1,0,1,1,1,0,1,1,0,0,0,1,0,0,0
"President, Senatorial District 8","Roque ""Rocky"" De La Fuente",2,28.00,0.0006,2016,12,12,0,0,0,0,0,0,0,0,0,0,0,0,0,0,0,0,0,0,0,0,0,0,0,0,0,0,0,0,0,0,0,0,0,0,0,0,0
"President, Senatorial District 8",Calvis L. Hawes,2,9.00,0.0002,2016,21,21,0,0,0,0,0,0,0,0,0,0,0,0,0,0,0,0,0,0,0,0,0,0,0,0,0,0,0,0,0,0,0,0,0,0,0,0,0
"President, Senatorial District 8",Keith Judd,2,45.00,0.001,2016,16,16,0,0,0,0,0,0,0,0,0,0,0,0,0,0,0,0,0,0,0,0,0,0,0,0,0,0,0,0,0,0,0,0,0,0,0,0,0
"President, Senatorial District 8",Star Locke,2,22.00,0.0005,2016,63,63,0,0,0,0,0,0,0,0,0,0,0,0,0,0,0,0,0,0,0,0,0,0,0,0,0,0,0,0,0,0,0,0,0,0,0,0,0
"President, Senatorial District 8",Martin J. O'Malley,2,80.00,0.0018,2016,9,9,0,0,0,0,0,0,0,0,0,0,0,0,0,0,0,0,0,0,1,0,0,0,0,0,0,0,0,0,0,0,0,0,0,0,0,0,0
"President, Senatorial District 8",Bernie Sanders,2,17669.00,0.4034,2016,44,44,0,1,0,0,1,0,0,1,1,1,0,0,1,0,0,1,0,1,0,0,0,1,0,1,0,0,0,1,0,0,0,1,1,0,1,1,1
"President, Senatorial District 8",Willie L. Wilson,2,30.00,0.0007,2016,0,0,0,0,0,0,0,0,0,0,0,0,0,0,0,0,0,0,0,0,0,0,0,0,0,0,0,0,0,0,0,0,0,0,0,0,0,0,0
"President, Senatorial District 9",Hillary Clinton,2,21810.00,0.6092,2016,173,173,1,0,1,1,0,0,1,0,0,0,1,1,0,1,1,0,1,0,0,1,1,0,1,0,1,1,1,0,1,1,0,0,0,1,0,0,0
"President, Senatorial District 9","Roque ""Rocky"" De La Fuente",2,77.00,0.0022,2016,577,577,0,0,0,0,0,0,0,0,0,0,0,0,0,0,0,0,0,0,0,0,0,0,0,0,0,0,0,0,0,0,0,0,0,0,0,0,0
"President, Senatorial District 9",Calvis L. Hawes,2,9.00,0.0003,2016,11,11,0,0,0,0,0,0,0,0,0,0,0,0,0,0,0,0,0,0,0,0,0,0,0,0,0,0,0,0,0,0,0,0,0,0,0,0,0
"President, Senatorial District 9",Keith Judd,2,24.00,0.0007,2016,69,69,0,0,0,0,0,0,0,0,0,0,0,0,0,0,0,0,0,0,0,0,0,0,0,0,0,0,0,0,0,0,0,0,0,0,0,0,0
"President, Senatorial District 9",Star Locke,2,23.00,0.0006,2016,31,31,0,0,0,0,0,0,0,0,0,0,0,0,0,0,0,0,0,0,0,0,0,0,0,0,0,0,0,0,0,0,0,0,0,0,0,0,0
"President, Senatorial District 9",Martin J. O'Malley,2,75.00,0.0021,2016,47,47,0,0,0,0,0,0,0,0,0,0,0,0,0,0,0,0,0,0,1,0,0,0,0,0,0,0,0,0,0,0,0,0,0,0,0,0,0
"President, Senatorial District 9",Bernie Sanders,2,13762.00,0.3844,2016,60,60,0,1,0,0,1,0,0,1,1,1,0,0,1,0,0,1,0,1,0,0,0,1,0,1,0,0,0,1,0,0,0,1,1,0,1,1,1
"President, Senatorial District 9",Willie L. Wilson,2,21.00,0.0006,2016,22,22,0,0,0,0,0,0,0,0,0,0,0,0,0,0,0,0,0,0,0,0,0,0,0,0,0,0,0,0,0,0,0,0,0,0,0,0,0
"President, Senatorial District 10",Hillary Clinton,2,39207.00,0.6876,2016,766,766,1,0,1,1,0,0,1,0,0,0,1,1,0,1,1,0,1,0,0,1,1,0,1,0,1,1,1,0,1,1,0,0,0,1,0,0,0
"President, Senatorial District 10","Roque ""Rocky"" De La Fuente",2,104.00,0.0018,2016,15,15,0,0,0,0,0,0,0,0,0,0,0,0,0,0,0,0,0,0,0,0,0,0,0,0,0,0,0,0,0,0,0,0,0,0,0,0,0
"President, Senatorial District 10",Calvis L. Hawes,2,14.00,0.0002,2016,10,10,0,0,0,0,0,0,0,0,0,0,0,0,0,0,0,0,0,0,0,0,0,0,0,0,0,0,0,0,0,0,0,0,0,0,0,0,0
"President, Senatorial District 10",Keith Judd,2,37.00,0.0006,2016,199,199,0,0,0,0,0,0,0,0,0,0,0,0,0,0,0,0,0,0,0,0,0,0,0,0,0,0,0,0,0,0,0,0,0,0,0,0,0
"President, Senatorial District 10",Star Locke,2,37.00,0.0006,2016,79,79,0,0,0,0,0,0,0,0,0,0,0,0,0,0,0,0,0,0,0,0,0,0,0,0,0,0,0,0,0,0,0,0,0,0,0,0,0
"President, Senatorial District 10",Martin J. O'Malley,2,124.00,0.0022,2016,23,23,0,0,0,0,0,0,0,0,0,0,0,0,0,0,0,0,0,0,1,0,0,0,0,0,0,0,0,0,0,0,0,0,0,0,0,0,0
"President, Senatorial District 10",Bernie Sanders,2,17440.00,0.3059,2016,8,8,0,1,0,0,1,0,0,1,1,1,0,0,1,0,0,1,0,1,0,0,0,1,0,1,0,0,0,1,0,0,0,1,1,0,1,1,1
"President, Senatorial District 10",Willie L. Wilson,2,58.00,0.001,2016,25,25,0,0,0,0,0,0,0,0,0,0,0,0,0,0,0,0,0,0,0,0,0,0,0,0,0,0,0,0,0,0,0,0,0,0,0,0,0
"President, Senatorial District 11",Hillary Clinton,2,23391.00,0.6598,2016,10,10,1,0,1,1,0,0,1,0,0,0,1,1,0,1,1,0,1,0,0,1,1,0,1,0,1,1,1,0,1,1,0,0,0,1,0,0,0
"President, Senatorial District 11","Roque ""Rocky"" De La Fuente",2,103.00,0.0029,2016,13,13,0,0,0,0,0,0,0,0,0,0,0,0,0,0,0,0,0,0,0,0,0,0,0,0,0,0,0,0,0,0,0,0,0,0,0,0,0
"President, Senatorial District 11",Calvis L. Hawes,2,39.00,0.0011,2016,9,9,0,0,0,0,0,0,0,0,0,0,0,0,0,0,0,0,0,0,0,0,0,0,0,0,0,0,0,0,0,0,0,0,0,0,0,0,0
"President, Senatorial District 11",Keith Judd,2,36.00,0.001,2016,8,8,0,0,0,0,0,0,0,0,0,0,0,0,0,0,0,0,0,0,0,0,0,0,0,0,0,0,0,0,0,0,0,0,0,0,0,0,0
"President, Senatorial District 11",Star Locke,2,21.00,0.0006,2016,12,12,0,0,0,0,0,0,0,0,0,0,0,0,0,0,0,0,0,0,0,0,0,0,0,0,0,0,0,0,0,0,0,0,0,0,0,0,0
"President, Senatorial District 11",Martin J. O'Malley,2,118.00,0.0033,2016,10,10,0,0,0,0,0,0,0,0,0,0,0,0,0,0,0,0,0,0,1,0,0,0,0,0,0,0,0,0,0,0,0,0,0,0,0,0,0
"President, Senatorial District 11",Bernie Sanders,2,11647.00,0.3285,2016,37,37,0,1,0,0,1,0,0,1,1,1,0,0,1,0,0,1,0,1,0,0,0,1,0,1,0,0,0,1,0,0,0,1,1,0,1,1,1
"President, Senatorial District 11",Willie L. Wilson,2,98.00,0.0028,2016,25,25,0,0,0,0,0,0,0,0,0,0,0,0,0,0,0,0,0,0,0,0,0,0,0,0,0,0,0,0,0,0,0,0,0,0,0,0,0
"President, Senatorial District 12",Hillary Clinton,2,21273.00,0.568,2016,348,348,1,0,1,1,0,0,1,0,0,0,1,1,0,1,1,0,1,0,0,1,1,0,1,0,1,1,1,0,1,1,0,0,0,1,0,0,0
"President, Senatorial District 12","Roque ""Rocky"" De La Fuente",2,40.00,0.0011,2016,8,8,0,0,0,0,0,0,0,0,0,0,0,0,0,0,0,0,0,0,0,0,0,0,0,0,0,0,0,0,0,0,0,0,0,0,0,0,0
"President, Senatorial District 12",Calvis L. Hawes,2,16.00,0.0004,2016,37,37,0,0,0,0,0,0,0,0,0,0,0,0,0,0,0,0,0,0,0,0,0,0,0,0,0,0,0,0,0,0,0,0,0,0,0,0,0
"President, Senatorial District 12",Keith Judd,2,28.00,0.0007,2016,14,14,0,0,0,0,0,0,0,0,0,0,0,0,0,0,0,0,0,0,0,0,0,0,0,0,0,0,0,0,0,0,0,0,0,0,0,0,0
"President, Senatorial District 12",Star Locke,2,21.00,0.0006,2016,15,15,0,0,0,0,0,0,0,0,0,0,0,0,0,0,0,0,0,0,0,0,0,0,0,0,0,0,0,0,0,0,0,0,0,0,0,0,0
"President, Senatorial District 12",Martin J. O'Malley,2,146.00,0.0039,2016,5,5,0,0,0,0,0,0,0,0,0,0,0,0,0,0,0,0,0,0,1,0,0,0,0,0,0,0,0,0,0,0,0,0,0,0,0,0,0
"President, Senatorial District 12",Bernie Sanders,2,15903.00,0.4246,2016,104,104,0,1,0,0,1,0,0,1,1,1,0,0,1,0,0,1,0,1,0,0,0,1,0,1,0,0,0,1,0,0,0,1,1,0,1,1,1
"President, Senatorial District 12",Willie L. Wilson,2,26.00,0.0007,2016,129,129,0,0,0,0,0,0,0,0,0,0,0,0,0,0,0,0,0,0,0,0,0,0,0,0,0,0,0,0,0,0,0,0,0,0,0,0,0
"President, Senatorial District 13",Hillary Clinton,2,51568.00,0.8022,2016,132,132,1,0,1,1,0,0,1,0,0,0,1,1,0,1,1,0,1,0,0,1,1,0,1,0,1,1,1,0,1,1,0,0,0,1,0,0,0
"President, Senatorial District 13","Roque ""Rocky"" De La Fuente",2,78.00,0.0012,2016,13,13,0,0,0,0,0,0,0,0,0,0,0,0,0,0,0,0,0,0,0,0,0,0,0,0,0,0,0,0,0,0,0,0,0,0,0,0,0
"President, Senatorial District 13",Calvis L. Hawes,2,134.00,0.0021,2016,8,8,0,0,0,0,0,0,0,0,0,0,0,0,0,0,0,0,0,0,0,0,0,0,0,0,0,0,0,0,0,0,0,0,0,0,0,0,0
"President, Senatorial District 13",Keith Judd,2,47.00,0.0007,2016,11,11,0,0,0,0,0,0,0,0,0,0,0,0,0,0,0,0,0,0,0,0,0,0,0,0,0,0,0,0,0,0,0,0,0,0,0,0,0
"President, Senatorial District 13",Star Locke,2,56.00,0.0009,2016,71,71,0,0,0,0,0,0,0,0,0,0,0,0,0,0,0,0,0,0,0,0,0,0,0,0,0,0,0,0,0,0,0,0,0,0,0,0,0
"President, Senatorial District 13",Martin J. O'Malley,2,114.00,0.0018,2016,33,33,0,0,0,0,0,0,0,0,0,0,0,0,0,0,0,0,0,0,1,0,0,0,0,0,0,0,0,0,0,0,0,0,0,0,0,0,0
"President, Senatorial District 13",Bernie Sanders,2,12148.00,0.189,2016,127,127,0,1,0,0,1,0,0,1,1,1,0,0,1,0,0,1,0,1,0,0,0,1,0,1,0,0,0,1,0,0,0,1,1,0,1,1,1
"President, Senatorial District 13",Willie L. Wilson,2,135.00,0.0021,2016,30,30,0,0,0,0,0,0,0,0,0,0,0,0,0,0,0,0,0,0,0,0,0,0,0,0,0,0,0,0,0,0,0,0,0,0,0,0,0
"President, Senatorial District 14",Hillary Clinton,2,57579.00,0.4859,2016,15,15,1,0,1,1,0,0,1,0,0,0,1,1,0,1,1,0,1,0,0,1,1,0,1,0,1,1,1,0,1,1,0,0,0,1,0,0,0
"President, Senatorial District 14","Roque ""Rocky"" De La Fuente",2,103.00,0.0009,2016,52,52,0,0,0,0,0,0,0,0,0,0,0,0,0,0,0,0,0,0,0,0,0,0,0,0,0,0,0,0,0,0,0,0,0,0,0,0,0
"President, Senatorial District 14",Calvis L. Hawes,2,36.00,0.0003,2016,11,11,0,0,0,0,0,0,0,0,0,0,0,0,0,0,0,0,0,0,0,0,0,0,0,0,0,0,0,0,0,0,0,0,0,0,0,0,0
"President, Senatorial District 14",Keith Judd,2,43.00,0.0004,2016,251,251,0,0,0,0,0,0,0,0,0,0,0,0,0,0,0,0,0,0,0,0,0,0,0,0,0,0,0,0,0,0,0,0,0,0,0,0,0
"President, Senatorial District 14",Star Locke,2,44.00,0.0004,2016,83,83,0,0,0,0,0,0,0,0,0,0,0,0,0,0,0,0,0,0,0,0,0,0,0,0,0,0,0,0,0,0,0,0,0,0,0,0,0
"President, Senatorial District 14",Martin J. O'Malley,2,209.00,0.0018,2016,764,764,0,0,0,0,0,0,0,0,0,0,0,0,0,0,0,0,0,0,1,0,0,0,0,0,0,0,0,0,0,0,0,0,0,0,0,0,0
"President, Senatorial District 14",Bernie Sanders,2,60387.00,0.5096,2016,112,112,0,1,0,0,1,0,0,1,1,1,0,0,1,0,0,1,0,1,0,0,0,1,0,1,0,0,0,1,0,0,0,1,1,0,1,1,1
"President, Senatorial District 14",Willie L. Wilson,2,92.00,0.0008,2016,297,297,0,0,0,0,0,0,0,0,0,0,0,0,0,0,0,0,0,0,0,0,0,0,0,0,0,0,0,0,0,0,0,0,0,0,0,0,0
"President, Senatorial District 15",Hillary Clinton,2,37285.00,0.7106,2016,167,167,1,0,1,1,0,0,1,0,0,0,1,1,0,1,1,0,1,0,0,1,1,0,1,0,1,1,1,0,1,1,0,0,0,1,0,0,0
"President, Senatorial District 15","Roque ""Rocky"" De La Fuente",2,114.00,0.0022,2016,39,39,0,0,0,0,0,0,0,0,0,0,0,0,0,0,0,0,0,0,0,0,0,0,0,0,0,0,0,0,0,0,0,0,0,0,0,0,0
"President, Senatorial District 15",Calvis L. Hawes,2,91.00,0.0017,2016,41,41,0,0,0,0,0,0,0,0,0,0,0,0,0,0,0,0,0,0,0,0,0,0,0,0,0,0,0,0,0,0,0,0,0,0,0,0,0
"President, Senatorial District 15",Keith Judd,2,49.00,0.0009,2016,99,99,0,0,0,0,0,0,0,0,0,0,0,0,0,0,0,0,0,0,0,0,0,0,0,0,0,0,0,0,0,0,0,0,0,0,0,0,0
"President, Senatorial District 15",Star Locke,2,42.00,0.0008,2016,80,80,0,0,0,0,0,0,0,0,0,0,0,0,0,0,0,0,0,0,0,0,0,0,0,0,0,0,0,0,0,0,0,0,0,0,0,0,0
"President, Senatorial District 15",Martin J. O'Malley,2,90.00,0.0017,2016,46,46,0,0,0,0,0,0,0,0,0,0,0,0,0,0,0,0,0,0,1,0,0,0,0,0,0,0,0,0,0,0,0,0,0,0,0,0,0
"President, Senatorial District 15",Bernie Sanders,2,14691.00,0.28,2016,64,64,0,1,0,0,1,0,0,1,1,1,0,0,1,0,0,1,0,1,0,0,0,1,0,1,0,0,0,1,0,0,0,1,1,0,1,1,1
"President, Senatorial District 15",Willie L. Wilson,2,105.00,0.002,2016,30,30,0,0,0,0,0,0,0,0,0,0,0,0,0,0,0,0,0,0,0,0,0,0,0,0,0,0,0,0,0,0,0,0,0,0,0,0,0
"President, Senatorial District 16",Hillary Clinton,2,30145.00,0.6457,2016,16,16,1,0,1,1,0,0,1,0,0,0,1,1,0,1,1,0,1,0,0,1,1,0,1,0,1,1,1,0,1,1,0,0,0,1,0,0,0
"President, Senatorial District 16","Roque ""Rocky"" De La Fuente",2,44.00,0.0009,2016,14,14,0,0,0,0,0,0,0,0,0,0,0,0,0,0,0,0,0,0,0,0,0,0,0,0,0,0,0,0,0,0,0,0,0,0,0,0,0
"President, Senatorial District 16",Calvis L. Hawes,2,13.00,0.0003,2016,8,8,0,0,0,0,0,0,0,0,0,0,0,0,0,0,0,0,0,0,0,0,0,0,0,0,0,0,0,0,0,0,0,0,0,0,0,0,0
"President, Senatorial District 16",Keith Judd,2,19.00,0.0004,2016,127,127,0,0,0,0,0,0,0,0,0,0,0,0,0,0,0,0,0,0,0,0,0,0,0,0,0,0,0,0,0,0,0,0,0,0,0,0,0
"President, Senatorial District 16",Star Locke,2,21.00,0.0004,2016,12,12,0,0,0,0,0,0,0,0,0,0,0,0,0,0,0,0,0,0,0,0,0,0,0,0,0,0,0,0,0,0,0,0,0,0,0,0,0
"President, Senatorial District 16",Martin J. O'Malley,2,97.00,0.0021,2016,21,21,0,0,0,0,0,0,0,0,0,0,0,0,0,0,0,0,0,0,1,0,0,0,0,0,0,0,0,0,0,0,0,0,0,0,0,0,0
"President, Senatorial District 16",Bernie Sanders,2,16319.00,0.3495,2016,16,16,0,1,0,0,1,0,0,1,1,1,0,0,1,0,0,1,0,1,0,0,0,1,0,1,0,0,0,1,0,0,0,1,1,0,1,1,1
"President, Senatorial District 16",Willie L. Wilson,2,28.00,0.0006,2016,63,63,0,0,0,0,0,0,0,0,0,0,0,0,0,0,0,0,0,0,0,0,0,0,0,0,0,0,0,0,0,0,0,0,0,0,0,0,0
"President, Senatorial District 17",Hillary Clinton,2,31480.00,0.6819,2016,9,9,1,0,1,1,0,0,1,0,0,0,1,1,0,1,1,0,1,0,0,1,1,0,1,0,1,1,1,0,1,1,0,0,0,1,0,0,0
"President, Senatorial District 17","Roque ""Rocky"" De La Fuente",2,53.00,0.0011,2016,44,44,0,0,0,0,0,0,0,0,0,0,0,0,0,0,0,0,0,0,0,0,0,0,0,0,0,0,0,0,0,0,0,0,0,0,0,0,0
"President, Senatorial District 17",Calvis L. Hawes,2,56.00,0.0012,2016,0,0,0,0,0,0,0,0,0,0,0,0,0,0,0,0,0,0,0,0,0,0,0,0,0,0,0,0,0,0,0,0,0,0,0,0,0,0,0
"President, Senatorial District 17",Keith Judd,2,19.00,0.0004,2016,173,173,0,0,0,0,0,0,0,0,0,0,0,0,0,0,0,0,0,0,0,0,0,0,0,0,0,0,0,0,0,0,0,0,0,0,0,0,0
"President, Senatorial District 17",Star Locke,2,21.00,0.0005,2016,577,577,0,0,0,0,0,0,0,0,0,0,0,0,0,0,0,0,0,0,0,0,0,0,0,0,0,0,0,0,0,0,0,0,0,0,0,0,0
"President, Senatorial District 17",Martin J. O'Malley,2,71.00,0.0015,2016,11,11,0,0,0,0,0,0,0,0,0,0,0,0,0,0,0,0,0,0,1,0,0,0,0,0,0,0,0,0,0,0,0,0,0,0,0,0,0
"President, Senatorial District 17",Bernie Sanders,2,14427.00,0.3125,2016,69,69,0,1,0,0,1,0,0,1,1,1,0,0,1,0,0,1,0,1,0,0,0,1,0,1,0,0,0,1,0,0,0,1,1,0,1,1,1
"President, Senatorial District 17",Willie L. Wilson,2,41.00,0.0009,2016,31,31,0,0,0,0,0,0,0,0,0,0,0,0,0,0,0,0,0,0,0,0,0,0,0,0,0,0,0,0,0,0,0,0,0,0,0,0,0
"President, Senatorial District 18",Hillary Clinton,2,23021.00,0.6879,2016,47,47,1,0,1,1,0,0,1,0,0,0,1,1,0,1,1,0,1,0,0,1,1,0,1,0,1,1,1,0,1,1,0,0,0,1,0,0,0
"President, Senatorial District 18","Roque ""Rocky"" De La Fuente",2,182.00,0.0054,2016,60,60,0,0,0,0,0,0,0,0,0,0,0,0,0,0,0,0,0,0,0,0,0,0,0,0,0,0,0,0,0,0,0,0,0,0,0,0,0
"President, Senatorial District 18",Calvis L. Hawes,2,54.00,0.0016,2016,22,22,0,0,0,0,0,0,0,0,0,0,0,0,0,0,0,0,0,0,0,0,0,0,0,0,0,0,0,0,0,0,0,0,0,0,0,0,0
"President, Senatorial District 18",Keith Judd,2,65.00,0.0019,2016,766,766,0,0,0,0,0,0,0,0,0,0,0,0,0,0,0,0,0,0,0,0,0,0,0,0,0,0,0,0,0,0,0,0,0,0,0,0,0
"President, Senatorial District 18",Star Locke,2,42.00,0.0013,2016,15,15,0,0,0,0,0,0,0,0,0,0,0,0,0,0,0,0,0,0,0,0,0,0,0,0,0,0,0,0,0,0,0,0,0,0,0,0,0
"President, Senatorial District 18",Martin J. O'Malley,2,135.00,0.004,2016,10,10,0,0,0,0,0,0,0,0,0,0,0,0,0,0,0,0,0,0,1,0,0,0,0,0,0,0,0,0,0,0,0,0,0,0,0,0,0
"President, Senatorial District 18",Bernie Sanders,2,9865.00,0.2948,2016,199,199,0,1,0,0,1,0,0,1,1,1,0,0,1,0,0,1,0,1,0,0,0,1,0,1,0,0,0,1,0,0,0,1,1,0,1,1,1
"President, Senatorial District 18",Willie L. Wilson,2,103.00,0.0031,2016,79,79,0,0,0,0,0,0,0,0,0,0,0,0,0,0,0,0,0,0,0,0,0,0,0,0,0,0,0,0,0,0,0,0,0,0,0,0,0
"President, Senatorial District 19",Hillary Clinton,2,39350.00,0.6766,2016,23,23,1,0,1,1,0,0,1,0,0,0,1,1,0,1,1,0,1,0,0,1,1,0,1,0,1,1,1,0,1,1,0,0,0,1,0,0,0
"President, Senatorial District 19","Roque ""Rocky"" De La Fuente",2,1224.00,0.021,2016,8,8,0,0,0,0,0,0,0,0,0,0,0,0,0,0,0,0,0,0,0,0,0,0,0,0,0,0,0,0,0,0,0,0,0,0,0,0,0
"President, Senatorial District 19",Calvis L. Hawes,2,164.00,0.0028,2016,25,25,0,0,0,0,0,0,0,0,0,0,0,0,0,0,0,0,0,0,0,0,0,0,0,0,0,0,0,0,0,0,0,0,0,0,0,0,0
"President, Senatorial District 19",Keith Judd,2,291.00,0.005,2016,10,10,0,0,0,0,0,0,0,0,0,0,0,0,0,0,0,0,0,0,0,0,0,0,0,0,0,0,0,0,0,0,0,0,0,0,0,0,0
"President, Senatorial District 19",Star Locke,2,202.00,0.0035,2016,13,13,0,0,0,0,0,0,0,0,0,0,0,0,0,0,0,0,0,0,0,0,0,0,0,0,0,0,0,0,0,0,0,0,0,0,0,0,0
"President, Senatorial District 19",Martin J. O'Malley,2,463.00,0.008,2016,9,9,0,0,0,0,0,0,0,0,0,0,0,0,0,0,0,0,0,0,1,0,0,0,0,0,0,0,0,0,0,0,0,0,0,0,0,0,0
"President, Senatorial District 19",Bernie Sanders,2,16111.00,0.277,2016,8,8,0,1,0,0,1,0,0,1,1,1,0,0,1,0,0,1,0,1,0,0,0,1,0,1,0,0,0,1,0,0,0,1,1,0,1,1,1
"President, Senatorial District 19",Willie L. Wilson,2,357.00,0.0061,2016,12,12,0,0,0,0,0,0,0,0,0,0,0,0,0,0,0,0,0,0,0,0,0,0,0,0,0,0,0,0,0,0,0,0,0,0,0,0,0
"President, Senatorial District 20",Hillary Clinton,2,42572.00,0.694,2016,10,10,1,0,1,1,0,0,1,0,0,0,1,1,0,1,1,0,1,0,0,1,1,0,1,0,1,1,1,0,1,1,0,0,0,1,0,0,0
"President, Senatorial District 20","Roque ""Rocky"" De La Fuente",2,1067.00,0.0174,2016,37,37,0,0,0,0,0,0,0,0,0,0,0,0,0,0,0,0,0,0,0,0,0,0,0,0,0,0,0,0,0,0,0,0,0,0,0,0,0
"President, Senatorial District 20",Calvis L. Hawes,2,172.00,0.0028,2016,25,25,0,0,0,0,0,0,0,0,0,0,0,0,0,0,0,0,0,0,0,0,0,0,0,0,0,0,0,0,0,0,0,0,0,0,0,0,0
"President, Senatorial District 20",Keith Judd,2,143.00,0.0023,2016,348,348,0,0,0,0,0,0,0,0,0,0,0,0,0,0,0,0,0,0,0,0,0,0,0,0,0,0,0,0,0,0,0,0,0,0,0,0,0
"President, Senatorial District 20",Star Locke,2,130.00,0.0021,2016,8,8,0,0,0,0,0,0,0,0,0,0,0,0,0,0,0,0,0,0,0,0,0,0,0,0,0,0,0,0,0,0,0,0,0,0,0,0,0
"President, Senatorial District 20",Martin J. O'Malley,2,351.00,0.0057,2016,37,37,0,0,0,0,0,0,0,0,0,0,0,0,0,0,0,0,0,0,1,0,0,0,0,0,0,0,0,0,0,0,0,0,0,0,0,0,0
"President, Senatorial District 20",Bernie Sanders,2,16709.00,0.2724,2016,14,14,0,1,0,0,1,0,0,1,1,1,0,0,1,0,0,1,0,1,0,0,0,1,0,1,0,0,0,1,0,0,0,1,1,0,1,1,1
"President, Senatorial District 20",Willie L. Wilson,2,198.00,0.0032,2016,15,15,0,0,0,0,0,0,0,0,0,0,0,0,0,0,0,0,0,0,0,0,0,0,0,0,0,0,0,0,0,0,0,0,0,0,0,0,0
"President, Senatorial District 21",Hillary Clinton,2,48558.00,0.6496,2016,5,5,1,0,1,1,0,0,1,0,0,0,1,1,0,1,1,0,1,0,0,1,1,0,1,0,1,1,1,0,1,1,0,0,0,1,0,0,0
"President, Senatorial District 21","Roque ""Rocky"" De La Fuente",2,1418.00,0.019,2016,104,104,0,0,0,0,0,0,0,0,0,0,0,0,0,0,0,0,0,0,0,0,0,0,0,0,0,0,0,0,0,0,0,0,0,0,0,0,0
"President, Senatorial District 21",Calvis L. Hawes,2,155.00,0.0021,2016,129,129,0,0,0,0,0,0,0,0,0,0,0,0,0,0,0,0,0,0,0,0,0,0,0,0,0,0,0,0,0,0,0,0,0,0,0,0,0
"President, Senatorial District 21",Keith Judd,2,209.00,0.0028,2016,132,132,0,0,0,0,0,0,0,0,0,0,0,0,0,0,0,0,0,0,0,0,0,0,0,0,0,0,0,0,0,0,0,0,0,0,0,0,0
"President, Senatorial District 21",Star Locke,2,134.00,0.0018,2016,13,13,0,0,0,0,0,0,0,0,0,0,0,0,0,0,0,0,0,0,0,0,0,0,0,0,0,0,0,0,0,0,0,0,0,0,0,0,0
"President, Senatorial District 21",Martin J. O'Malley,2,422.00,0.0056,2016,8,8,0,0,0,0,0,0,0,0,0,0,0,0,0,0,0,0,0,0,1,0,0,0,0,0,0,0,0,0,0,0,0,0,0,0,0,0,0
"President, Senatorial District 21",Bernie Sanders,2,23449.00,0.3137,2016,11,11,0,1,0,0,1,0,0,1,1,1,0,0,1,0,0,1,0,1,0,0,0,1,0,1,0,0,0,1,0,0,0,1,1,0,1,1,1
"President, Senatorial District 21",Willie L. Wilson,2,402.00,0.0054,2016,71,71,0,0,0,0,0,0,0,0,0,0,0,0,0,0,0,0,0,0,0,0,0,0,0,0,0,0,0,0,0,0,0,0,0,0,0,0,0
"President, Senatorial District 22",Hillary Clinton,2,20212.00,0.6768,2016,33,33,1,0,1,1,0,0,1,0,0,0,1,1,0,1,1,0,1,0,0,1,1,0,1,0,1,1,1,0,1,1,0,0,0,1,0,0,0
"President, Senatorial District 22","Roque ""Rocky"" De La Fuente",2,58.00,0.0019,2016,127,127,0,0,0,0,0,0,0,0,0,0,0,0,0,0,0,0,0,0,0,0,0,0,0,0,0,0,0,0,0,0,0,0,0,0,0,0,0
"President, Senatorial District 22",Calvis L. Hawes,2,31.00,0.001,2016,30,30,0,0,0,0,0,0,0,0,0,0,0,0,0,0,0,0,0,0,0,0,0,0,0,0,0,0,0,0,0,0,0,0,0,0,0,0,0
"President, Senatorial District 22",Keith Judd,2,65.00,0.0022,2016,15,15,0,0,0,0,0,0,0,0,0,0,0,0,0,0,0,0,0,0,0,0,0,0,0,0,0,0,0,0,0,0,0,0,0,0,0,0,0
"President, Senatorial District 22",Star Locke,2,35.00,0.0012,2016,52,52,0,0,0,0,0,0,0,0,0,0,0,0,0,0,0,0,0,0,0,0,0,0,0,0,0,0,0,0,0,0,0,0,0,0,0,0,0
"President, Senatorial District 22",Martin J. O'Malley,2,97.00,0.0032,2016,11,11,0,0,0,0,0,0,0,0,0,0,0,0,0,0,0,0,0,0,1,0,0,0,0,0,0,0,0,0,0,0,0,0,0,0,0,0,0
"President, Senatorial District 22",Bernie Sanders,2,9299.00,0.3114,2016,251,251,0,1,0,0,1,0,0,1,1,1,0,0,1,0,0,1,0,1,0,0,0,1,0,1,0,0,0,1,0,0,0,1,1,0,1,1,1
"President, Senatorial District 22",Willie L. Wilson,2,66.00,0.0022,2016,83,83,0,0,0,0,0,0,0,0,0,0,0,0,0,0,0,0,0,0,0,0,0,0,0,0,0,0,0,0,0,0,0,0,0,0,0,0,0
"President, Senatorial District 23",Hillary Clinton,2,58847.00,0.7879,2016,764,764,1,0,1,1,0,0,1,0,0,0,1,1,0,1,1,0,1,0,0,1,1,0,1,0,1,1,1,0,1,1,0,0,0,1,0,0,0
"President, Senatorial District 23","Roque ""Rocky"" De La Fuente",2,132.00,0.0018,2016,112,112,0,0,0,0,0,0,0,0,0,0,0,0,0,0,0,0,0,0,0,0,0,0,0,0,0,0,0,0,0,0,0,0,0,0,0,0,0
"President, Senatorial District 23",Calvis L. Hawes,2,34.00,0.0005,2016,297,297,0,0,0,0,0,0,0,0,0,0,0,0,0,0,0,0,0,0,0,0,0,0,0,0,0,0,0,0,0,0,0,0,0,0,0,0,0
"President, Senatorial District 23",Keith Judd,2,49.00,0.0007,2016,167,167,0,0,0,0,0,0,0,0,0,0,0,0,0,0,0,0,0,0,0,0,0,0,0,0,0,0,0,0,0,0,0,0,0,0,0,0,0
"President, Senatorial District 23",Star Locke,2,51.00,0.0007,2016,39,39,0,0,0,0,0,0,0,0,0,0,0,0,0,0,0,0,0,0,0,0,0,0,0,0,0,0,0,0,0,0,0,0,0,0,0,0,0
"President, Senatorial District 23",Martin J. O'Malley,2,235.00,0.0031,2016,41,41,0,0,0,0,0,0,0,0,0,0,0,0,0,0,0,0,0,0,1,0,0,0,0,0,0,0,0,0,0,0,0,0,0,0,0,0,0
"President, Senatorial District 23",Bernie Sanders,2,15185.00,0.2033,2016,99,99,0,1,0,0,1,0,0,1,1,1,0,0,1,0,0,1,0,1,0,0,0,1,0,1,0,0,0,1,0,0,0,1,1,0,1,1,1
"President, Senatorial District 23",Willie L. Wilson,2,159.00,0.0021,2016,80,80,0,0,0,0,0,0,0,0,0,0,0,0,0,0,0,0,0,0,0,0,0,0,0,0,0,0,0,0,0,0,0,0,0,0,0,0,0
"President, Senatorial District 24",Hillary Clinton,2,17027.00,0.6217,2016,46,46,1,0,1,1,0,0,1,0,0,0,1,1,0,1,1,0,1,0,0,1,1,0,1,0,1,1,1,0,1,1,0,0,0,1,0,0,0
"President, Senatorial District 24","Roque ""Rocky"" De La Fuente",2,62.00,0.0023,2016,64,64,0,0,0,0,0,0,0,0,0,0,0,0,0,0,0,0,0,0,0,0,0,0,0,0,0,0,0,0,0,0,0,0,0,0,0,0,0
"President, Senatorial District 24",Calvis L. Hawes,2,27.00,0.001,2016,30,30,0,0,0,0,0,0,0,0,0,0,0,0,0,0,0,0,0,0,0,0,0,0,0,0,0,0,0,0,0,0,0,0,0,0,0,0,0
"President, Senatorial District 24",Keith Judd,2,48.00,0.0018,2016,16,16,0,0,0,0,0,0,0,0,0,0,0,0,0,0,0,0,0,0,0,0,0,0,0,0,0,0,0,0,0,0,0,0,0,0,0,0,0
"President, Senatorial District 24",Star Locke,2,24.00,0.0009,2016,14,14,0,0,0,0,0,0,0,0,0,0,0,0,0,0,0,0,0,0,0,0,0,0,0,0,0,0,0,0,0,0,0,0,0,0,0,0,0
"President, Senatorial District 24",Martin J. O'Malley,2,113.00,0.0041,2016,8,8,0,0,0,0,0,0,0,0,0,0,0,0,0,0,0,0,0,0,1,0,0,0,0,0,0,0,0,0,0,0,0,0,0,0,0,0,0
"President, Senatorial District 24",Bernie Sanders,2,10038.00,0.3665,2016,127,127,0,1,0,0,1,0,0,1,1,1,0,0,1,0,0,1,0,1,0,0,0,1,0,1,0,0,0,1,0,0,0,1,1,0,1,1,1
"President, Senatorial District 24",Willie L. Wilson,2,48.00,0.0018,2016,12,12,0,0,0,0,0,0,0,0,0,0,0,0,0,0,0,0,0,0,0,0,0,0,0,0,0,0,0,0,0,0,0,0,0,0,0,0,0
"President, Senatorial District 25",Hillary Clinton,2,34279.00,0.5801,2016,21,21,1,0,1,1,0,0,1,0,0,0,1,1,0,1,1,0,1,0,0,1,1,0,1,0,1,1,1,0,1,1,0,0,0,1,0,0,0
"President, Senatorial District 25","Roque ""Rocky"" De La Fuente",2,123.00,0.0021,2016,16,16,0,0,0,0,0,0,0,0,0,0,0,0,0,0,0,0,0,0,0,0,0,0,0,0,0,0,0,0,0,0,0,0,0,0,0,0,0
"President, Senatorial District 25",Calvis L. Hawes,2,36.00,0.0006,2016,63,63,0,0,0,0,0,0,0,0,0,0,0,0,0,0,0,0,0,0,0,0,0,0,0,0,0,0,0,0,0,0,0,0,0,0,0,0,0
"President, Senatorial District 25",Keith Judd,2,35.00,0.0006,2016,9,9,0,0,0,0,0,0,0,0,0,0,0,0,0,0,0,0,0,0,0,0,0,0,0,0,0,0,0,0,0,0,0,0,0,0,0,0,0
"President, Senatorial District 25",Star Locke,2,42.00,0.0007,2016,44,44,0,0,0,0,0,0,0,0,0,0,0,0,0,0,0,0,0,0,0,0,0,0,0,0,0,0,0,0,0,0,0,0,0,0,0,0,0
"President, Senatorial District 25",Martin J. O'Malley,2,118.00,0.002,2016,0,0,0,0,0,0,0,0,0,0,0,0,0,0,0,0,0,0,0,0,1,0,0,0,0,0,0,0,0,0,0,0,0,0,0,0,0,0,0
"President, Senatorial District 25",Bernie Sanders,2,24415.00,0.4132,2016,173,173,0,1,0,0,1,0,0,1,1,1,0,0,1,0,0,1,0,1,0,0,0,1,0,1,0,0,0,1,0,0,0,1,1,0,1,1,1
"President, Senatorial District 25",Willie L. Wilson,2,44.00,0.0007,2016,577,577,0,0,0,0,0,0,0,0,0,0,0,0,0,0,0,0,0,0,0,0,0,0,0,0,0,0,0,0,0,0,0,0,0,0,0,0,0
"President, Senatorial District 26",Hillary Clinton,2,38554.00,0.6699,2016,11,11,1,0,1,1,0,0,1,0,0,0,1,1,0,1,1,0,1,0,0,1,1,0,1,0,1,1,1,0,1,1,0,0,0,1,0,0,0
"President, Senatorial District 26","Roque ""Rocky"" De La Fuente",2,332.00,0.0058,2016,69,69,0,0,0,0,0,0,0,0,0,0,0,0,0,0,0,0,0,0,0,0,0,0,0,0,0,0,0,0,0,0,0,0,0,0,0,0,0
"President, Senatorial District 26",Calvis L. Hawes,2,41.00,0.0007,2016,31,31,0,0,0,0,0,0,0,0,0,0,0,0,0,0,0,0,0,0,0,0,0,0,0,0,0,0,0,0,0,0,0,0,0,0,0,0,0
"President, Senatorial District 26",Keith Judd,2,62.00,0.0011,2016,47,47,0,0,0,0,0,0,0,0,0,0,0,0,0,0,0,0,0,0,0,0,0,0,0,0,0,0,0,0,0,0,0,0,0,0,0,0,0
"President, Senatorial District 26",Star Locke,2,20.00,0.0003,2016,60,60,0,0,0,0,0,0,0,0,0,0,0,0,0,0,0,0,0,0,0,0,0,0,0,0,0,0,0,0,0,0,0,0,0,0,0,0,0
"President, Senatorial District 26",Martin J. O'Malley,2,187.00,0.0032,2016,22,22,0,0,0,0,0,0,0,0,0,0,0,0,0,0,0,0,0,0,1,0,0,0,0,0,0,0,0,0,0,0,0,0,0,0,0,0,0
"President, Senatorial District 26",Bernie Sanders,2,18319.00,0.3183,2016,766,766,0,1,0,0,1,0,0,1,1,1,0,0,1,0,0,1,0,1,0,0,0,1,0,1,0,0,0,1,0,0,0,1,1,0,1,1,1
"President, Senatorial District 26",Willie L. Wilson,2,40.00,0.0007,2016,15,15,0,0,0,0,0,0,0,0,0,0,0,0,0,0,0,0,0,0,0,0,0,0,0,0,0,0,0,0,0,0,0,0,0,0,0,0,0
"President, Senatorial District 27",Hillary Clinton,2,43762.00,0.6945,2016,10,10,1,0,1,1,0,0,1,0,0,0,1,1,0,1,1,0,1,0,0,1,1,0,1,0,1,1,1,0,1,1,0,0,0,1,0,0,0
"President, Senatorial District 27","Roque ""Rocky"" De La Fuente",2,1416.00,0.0225,2016,199,199,0,0,0,0,0,0,0,0,0,0,0,0,0,0,0,0,0,0,0,0,0,0,0,0,0,0,0,0,0,0,0,0,0,0,0,0,0
"President, Senatorial District 27",Calvis L. Hawes,2,195.00,0.0031,2016,79,79,0,0,0,0,0,0,0,0,0,0,0,0,0,0,0,0,0,0,0,0,0,0,0,0,0,0,0,0,0,0,0,0,0,0,0,0,0
"President, Senatorial District 27",Keith Judd,2,196.00,0.0031,2016,23,23,0,0,0,0,0,0,0,0,0,0,0,0,0,0,0,0,0,0,0,0,0,0,0,0,0,0,0,0,0,0,0,0,0,0,0,0,0
"President, Senatorial District 27",Star Locke,2,136.00,0.0022,2016,8,8,0,0,0,0,0,0,0,0,0,0,0,0,0,0,0,0,0,0,0,0,0,0,0,0,0,0,0,0,0,0,0,0,0,0,0,0,0
"President, Senatorial District 27",Martin J. O'Malley,2,419.00,0.0066,2016,25,25,0,0,0,0,0,0,0,0,0,0,0,0,0,0,0,0,0,0,1,0,0,0,0,0,0,0,0,0,0,0,0,0,0,0,0,0,0
"President, Senatorial District 27",Bernie Sanders,2,16674.00,0.2646,2016,10,10,0,1,0,0,1,0,0,1,1,1,0,0,1,0,0,1,0,1,0,0,0,1,0,1,0,0,0,1,0,0,0,1,1,0,1,1,1
"President, Senatorial District 28",Hillary Clinton,2,12164.00,0.5782,2016,13,13,1,0,1,1,0,0,1,0,0,0,1,1,0,1,1,0,1,0,0,1,1,0,1,0,1,1,1,0,1,1,0,0,0,1,0,0,0
"President, Senatorial District 28","Roque ""Rocky"" De La Fuente",2,217.00,0.0103,2016,9,9,0,0,0,0,0,0,0,0,0,0,0,0,0,0,0,0,0,0,0,0,0,0,0,0,0,0,0,0,0,0,0,0,0,0,0,0,0
"President, Senatorial District 28",Calvis L. Hawes,2,56.00,0.0027,2016,8,8,0,0,0,0,0,0,0,0,0,0,0,0,0,0,0,0,0,0,0,0,0,0,0,0,0,0,0,0,0,0,0,0,0,0,0,0,0
"President, Senatorial District 28",Keith Judd,2,120.00,0.0057,2016,12,12,0,0,0,0,0,0,0,0,0,0,0,0,0,0,0,0,0,0,0,0,0,0,0,0,0,0,0,0,0,0,0,0,0,0,0,0,0
"President, Senatorial District 28",Star Locke,2,76.00,0.0036,2016,10,10,0,0,0,0,0,0,0,0,0,0,0,0,0,0,0,0,0,0,0,0,0,0,0,0,0,0,0,0,0,0,0,0,0,0,0,0,0
"President, Senatorial District 28",Martin J. O'Malley,2,167.00,0.0079,2016,37,37,0,0,0,0,0,0,0,0,0,0,0,0,0,0,0,0,0,0,1,0,0,0,0,0,0,0,0,0,0,0,0,0,0,0,0,0,0
"President, Senatorial District 28",Bernie Sanders,2,8128.00,0.3864,2016,25,25,0,1,0,0,1,0,0,1,1,1,0,0,1,0,0,1,0,1,0,0,0,1,0,1,0,0,0,1,0,0,0,1,1,0,1,1,1
"President, Senatorial District 28",Willie L. Wilson,2,108.00,0.0051,2016,348,348,0,0,0,0,0,0,0,0,0,0,0,0,0,0,0,0,0,0,0,0,0,0,0,0,0,0,0,0,0,0,0,0,0,0,0,0,0
"President, Senatorial District 29","Roque ""Rocky"" De La Fuente",2,534.00,0.0093,2016,8,8,0,0,0,0,0,0,0,0,0,0,0,0,0,0,0,0,0,0,0,0,0,0,0,0,0,0,0,0,0,0,0,0,0,0,0,0,0
"President, Senatorial District 29",Calvis L. Hawes,2,139.00,0.0024,2016,37,37,0,0,0,0,0,0,0,0,0,0,0,0,0,0,0,0,0,0,0,0,0,0,0,0,0,0,0,0,0,0,0,0,0,0,0,0,0
"President, Senatorial District 29",Keith Judd,2,278.00,0.0049,2016,14,14,0,0,0,0,0,0,0,0,0,0,0,0,0,0,0,0,0,0,0,0,0,0,0,0,0,0,0,0,0,0,0,0,0,0,0,0,0
"President, Senatorial District 29",Star Locke,2,86.00,0.0015,2016,15,15,0,0,0,0,0,0,0,0,0,0,0,0,0,0,0,0,0,0,0,0,0,0,0,0,0,0,0,0,0,0,0,0,0,0,0,0,0
"President, Senatorial District 29",Martin J. O'Malley,2,372.00,0.0065,2016,5,5,0,0,0,0,0,0,0,0,0,0,0,0,0,0,0,0,0,0,1,0,0,0,0,0,0,0,0,0,0,0,0,0,0,0,0,0,0
"President, Senatorial District 29",Bernie Sanders,2,18070.00,0.3159,2016,104,104,0,1,0,0,1,0,0,1,1,1,0,0,1,0,0,1,0,1,0,0,0,1,0,1,0,0,0,1,0,0,0,1,1,0,1,1,1
"President, Senatorial District 29",Willie L. Wilson,2,209.00,0.0037,2016,129,129,0,0,0,0,0,0,0,0,0,0,0,0,0,0,0,0,0,0,1,0,0,0,0,0,0,0,0,0,0,0,0,0,0,0,0,0,0
"President, Senatorial District 30",Hillary Clinton,2,13320.00,0.4935,2016,132,132,1,1,1,1,1,0,1,1,1,1,1,1,1,1,1,1,1,1,0,1,1,0,1,0,1,1,1,0,1,1,0,0,0,1,0,0,0
"President, Senatorial District 30","Roque ""Rocky"" De La Fuente",2,56.00,0.0021,2016,13,13,0,0,0,0,0,0,0,0,0,0,0,0,0,0,0,0,0,0,0,0,0,0,0,0,0,0,0,0,0,0,0,0,0,0,0,0,0
"President, Senatorial District 30",Calvis L. Hawes,2,21.00,0.0008,2016,8,8,0,0,0,0,0,0,0,0,0,0,0,0,0,0,0,0,0,0,0,0,0,0,0,0,0,0,0,0,0,0,0,0,0,0,0,0,0
"President, Senatorial District 30",Keith Judd,2,59.00,0.0022,2016,11,11,0,0,0,0,0,0,0,0,0,0,0,0,0,0,0,0,0,0,0,0,0,0,0,0,0,0,0,0,0,0,0,0,0,0,0,0,0
"President, Senatorial District 30",Star Locke,2,25.00,0.0009,2016,71,71,0,0,0,0,0,0,0,0,0,0,0,0,0,0,0,0,0,0,0,0,0,0,0,0,0,0,0,0,0,0,0,0,0,0,0,0,0
"President, Senatorial District 30",Martin J. O'Malley,2,103.00,0.0038,2016,33,33,0,0,0,0,0,0,0,0,0,0,0,0,0,0,0,0,0,0,1,0,0,0,0,0,0,0,0,0,0,0,0,0,0,0,0,0,0
"President, Senatorial District 30",Bernie Sanders,2,13349.00,0.4946,2016,127,127,0,1,0,0,1,0,0,1,1,1,0,0,1,0,0,1,0,1,0,0,0,1,0,1,0,0,0,1,0,0,0,1,1,0,1,1,1
"President, Senatorial District 30",Willie L. Wilson,2,56.00,0.0021,2016,30,30,0,0,0,0,0,0,0,0,0,0,0,0,0,0,0,0,0,0,0,0,0,0,0,0,0,0,0,0,0,0,0,0,0,0,0,0,0
"President, Senatorial District 31",Hillary Clinton,2,8559.00,0.5932,2016,15,15,1,0,1,1,0,0,1,0,0,0,1,1,0,1,1,0,1,0,0,1,1,0,1,0,1,1,1,0,1,1,0,0,0,1,0,0,0
"President, Senatorial District 31","Roque ""Rocky"" De La Fuente",2,125.00,0.0087,2016,52,52,0,0,0,0,0,0,0,0,0,0,0,0,0,0,0,0,0,0,0,0,0,0,0,0,0,0,0,0,0,0,0,0,0,0,0,0,0
"President, Senatorial District 31",Calvis L. Hawes,2,18.00,0.0012,2016,11,11,0,0,0,0,0,0,0,0,0,0,0,0,0,0,0,0,0,0,0,0,0,0,0,0,0,0,0,0,0,0,0,0,0,0,0,0,0
"President, Senatorial District 31",Keith Judd,2,60.00,0.0042,2016,251,251,0,0,0,0,0,0,0,0,0,0,0,0,0,0,0,0,0,0,0,0,0,0,0,0,0,0,0,0,0,0,0,0,0,0,0,0,0
"President, Senatorial District 31",Star Locke,2,26.00,0.0018,2016,83,83,0,0,0,0,0,0,0,0,0,0,0,0,0,0,0,0,0,0,0,0,0,0,0,0,0,0,0,0,0,0,0,0,0,0,0,0,0
"President, Senatorial District 31",Martin J. O'Malley,2,84.00,0.0058,2016,764,764,0,0,0,0,0,0,0,0,0,0,0,0,0,0,0,0,0,0,1,0,0,0,0,0,0,0,0,0,0,0,0,0,0,0,0,0,0
"President, Senatorial District 31",Bernie Sanders,2,5509.00,0.3818,2016,112,112,0,1,0,0,1,0,0,1,1,1,0,0,1,0,0,1,0,1,0,0,0,1,0,1,0,0,0,1,0,0,0,1,1,0,1,1,1
